"cohort_start_date","dose","vaccination_campaign","n_dose_day"
2000-12-30,1,"None",5
2002-12-30,1,"None",5
2009-12-20,1,"None",5
2010-09-11,1,"None",5
2012-01-05,1,"None",5
2012-01-11,1,"None",5
2012-02-06,1,"None",5
2012-02-25,1,"None",5
2012-12-18,1,"None",5
2012-12-23,1,"None",5
2014-04-24,1,"None",5
2016-04-16,1,"None",5
2016-10-16,1,"None",5
2017-02-03,1,"None",5
2017-07-02,1,"None",5
2019-10-14,1,"None",5
2019-10-19,1,"None",5
2019-11-12,1,"None",5
2020-01-01,1,"None",5
2020-01-02,1,"None",5
2020-01-05,1,"None",5
2020-01-06,1,"None",5
2020-01-07,1,"None",5
2020-01-08,1,"None",5
2020-01-12,1,"None",5
2020-01-14,1,"None",5
2020-01-16,1,"None",5
2020-01-17,1,"None",5
2020-01-19,1,"None",5
2020-01-21,1,"None",5
2020-01-25,1,"None",5
2020-01-26,1,"None",5
2020-01-27,1,"None",6
2020-01-28,1,"None",5
2020-01-29,1,"None",6
2020-01-30,1,"None",5
2020-01-31,1,"None",5
2020-02-01,1,"None",5
2020-02-03,1,"None",5
2020-02-05,1,"None",5
2020-02-06,1,"None",5
2020-02-08,1,"None",5
2020-02-14,1,"None",5
2020-02-15,1,"None",5
2020-02-18,1,"None",5
2020-02-21,1,"None",5
2020-02-24,1,"None",5
2020-02-25,1,"None",5
2020-02-27,1,"None",5
2020-02-28,1,"None",5
2020-03-01,1,"None",5
2020-03-02,1,"None",5
2020-03-03,1,"None",5
2020-03-04,1,"None",5
2020-03-17,1,"None",5
2020-03-18,1,"None",5
2020-03-22,1,"None",5
2020-03-25,2,"None",5
2020-03-27,1,"None",5
2020-04-02,1,"None",5
2020-04-10,1,"None",5
2020-04-14,1,"None",5
2020-05-01,1,"None",5
2020-05-03,1,"None",5
2020-05-23,2,"None",5
2020-06-01,1,"None",12
2020-06-02,1,"None",18
2020-06-03,1,"None",20
2020-06-04,1,"None",20
2020-06-05,1,"None",17
2020-06-06,1,"None",5
2020-06-10,1,"None",11
2020-06-11,1,"None",9
2020-06-12,1,"None",7
2020-06-13,1,"None",5
2020-06-17,1,"None",5
2020-06-18,1,"None",5
2020-06-22,1,"None",7
2020-06-23,1,"None",11
2020-06-24,1,"None",5
2020-06-25,1,"None",7
2020-06-26,1,"None",14
2020-06-30,1,"None",5
2020-06-30,2,"None",5
2020-07-05,1,"None",5
2020-08-18,1,"None",5
2020-08-18,2,"None",5
2020-08-21,2,"None",5
2020-08-23,2,"None",5
2020-08-24,2,"None",7
2020-08-25,2,"None",5
2020-08-26,1,"None",5
2020-08-26,2,"None",5
2020-08-26,3,"None",5
2020-08-27,2,"None",5
2020-08-28,2,"None",12
2020-08-29,2,"None",5
2020-08-30,2,"None",6
2020-08-31,1,"None",5
2020-08-31,2,"None",7
2020-08-31,3,"None",5
2020-09-01,2,"None",5
2020-09-02,1,"None",5
2020-09-02,2,"None",13
2020-09-03,2,"None",9
2020-09-04,2,"None",5
2020-09-05,2,"None",5
2020-09-09,1,"None",5
2020-09-14,1,"None",5
2020-09-14,2,"None",5
2020-09-15,2,"None",5
2020-09-16,1,"None",5
2020-09-16,2,"None",5
2020-09-17,2,"None",5
2020-09-18,2,"None",7
2020-09-20,1,"None",5
2020-09-21,2,"None",12
2020-09-22,1,"None",5
2020-09-22,2,"None",11
2020-09-22,3,"None",5
2020-09-23,1,"None",5
2020-09-23,2,"None",9
2020-09-23,3,"None",5
2020-09-24,2,"None",7
2020-09-24,3,"None",5
2020-09-25,1,"None",5
2020-09-25,2,"None",5
2020-09-25,3,"None",5
2020-09-28,1,"None",5
2020-09-29,2,"None",5
2020-09-29,3,"None",5
2020-09-30,2,"None",5
2020-10-02,2,"None",5
2020-10-05,1,"None",5
2020-10-06,1,"None",5
2020-10-07,1,"None",5
2020-10-08,1,"None",5
2020-10-10,1,"None",5
2020-10-12,1,"None",5
2020-10-13,1,"None",5
2020-10-15,1,"None",5
2020-10-16,1,"None",5
2020-10-19,1,"None",5
2020-10-20,1,"None",5
2020-10-20,2,"None",5
2020-10-21,1,"None",5
2020-10-21,2,"None",5
2020-10-22,1,"None",5
2020-10-23,1,"None",5
2020-10-26,2,"None",5
2020-10-28,2,"None",5
2020-11-01,1,"None",5
2020-11-02,1,"None",5
2020-11-02,2,"None",5
2020-11-03,1,"None",5
2020-11-03,2,"None",5
2020-11-04,1,"None",5
2020-11-04,2,"None",5
2020-11-05,1,"None",5
2020-11-05,2,"None",5
2020-11-07,1,"None",5
2020-11-09,2,"None",5
2020-11-10,1,"None",5
2020-11-10,2,"None",5
2020-11-11,1,"None",5
2020-11-12,1,"None",5
2020-11-12,2,"None",5
2020-11-13,1,"None",5
2020-11-14,1,"None",5
2020-11-15,1,"None",5
2020-11-16,1,"None",5
2020-11-17,1,"None",5
2020-11-18,1,"None",5
2020-11-19,1,"None",6
2020-11-20,1,"None",6
2020-11-21,1,"None",5
2020-11-22,1,"None",5
2020-11-23,1,"None",6
2020-11-24,1,"None",5
2020-11-24,2,"None",5
2020-11-25,1,"None",5
2020-11-25,2,"None",5
2020-11-26,1,"None",10
2020-11-26,2,"None",5
2020-11-27,1,"None",12
2020-11-27,2,"None",5
2020-11-28,1,"None",5
2020-11-28,2,"None",5
2020-11-29,1,"None",5
2020-11-30,1,"None",8
2020-11-30,2,"None",5
2020-12-01,1,"None",13
2020-12-01,2,"None",5
2020-12-02,1,"None",5
2020-12-03,1,"None",5
2020-12-03,2,"None",5
2020-12-04,1,"None",5
2020-12-04,2,"None",5
2020-12-05,1,"None",5
2020-12-05,2,"None",5
2020-12-07,1,"None",32
2020-12-08,1,"None",924
2020-12-08,2,"None",5
2020-12-09,1,"None",1441
2020-12-09,2,"None",5
2020-12-09,3,"None",5
2020-12-10,1,"None",1683
2020-12-10,3,"None",5
2020-12-11,1,"None",1961
2020-12-12,1,"None",937
2020-12-12,2,"None",5
2020-12-12,3,"None",5
2020-12-13,1,"None",820
2020-12-14,1,"None",2220
2020-12-14,2,"None",5
2020-12-14,3,"None",5
2020-12-15,1,"None",2918
2020-12-15,2,"None",9
2020-12-15,3,"None",5
2020-12-16,1,"None",2674
2020-12-16,2,"None",5
2020-12-17,1,"None",2785
2020-12-17,2,"None",5
2020-12-18,1,"None",2741
2020-12-18,2,"None",7
2020-12-19,1,"None",1384
2020-12-19,2,"None",5
2020-12-20,1,"None",1659
2020-12-20,2,"None",5
2020-12-21,1,"None",5073
2020-12-21,2,"None",7
2020-12-22,1,"None",5756
2020-12-22,2,"None",5
2020-12-22,3,"None",5
2020-12-23,1,"None",4912
2020-12-23,2,"None",5
2020-12-24,1,"None",1646
2020-12-24,2,"None",5
2020-12-25,1,"None",8
2020-12-26,1,"None",5
2020-12-27,1,"None",124
2020-12-28,1,"None",1008
2020-12-29,1,"None",3930
2020-12-29,2,"None",6
2020-12-30,1,"None",5228
2020-12-30,2,"None",13
2020-12-31,1,"None",2930
2020-12-31,2,"None",6
2021-01-01,1,"None",559
2021-01-01,2,"None",5
2021-01-01,3,"None",5
2021-01-02,1,"None",672
2021-01-02,2,"None",9
2021-01-02,3,"None",5
2021-01-03,1,"None",626
2021-01-03,2,"None",5
2021-01-04,1,"None",2143
2021-01-04,2,"None",23
2021-01-05,1,"None",5522
2021-01-05,2,"None",329
2021-01-05,3,"None",5
2021-01-06,1,"None",7138
2021-01-06,2,"None",301
2021-01-06,3,"None",5
2021-01-07,1,"None",7149
2021-01-07,2,"None",58
2021-01-07,3,"None",5
2021-01-08,1,"None",7778
2021-01-08,2,"None",80
2021-01-08,3,"None",5
2021-01-09,1,"None",4626
2021-01-09,2,"None",55
2021-01-09,3,"None",5
2021-01-10,1,"None",2405
2021-01-10,2,"None",48
2021-01-11,1,"None",6452
2021-01-11,2,"None",83
2021-01-11,3,"None",5
2021-01-12,1,"None",10291
2021-01-12,2,"None",64
2021-01-12,3,"None",5
2021-01-13,1,"None",10955
2021-01-13,2,"None",77
2021-01-14,1,"None",12923
2021-01-14,2,"None",171
2021-01-14,3,"None",5
2021-01-15,1,"None",13497
2021-01-15,2,"None",112
2021-01-15,3,"None",5
2021-01-16,1,"None",11217
2021-01-16,2,"None",52
2021-01-17,1,"None",3789
2021-01-17,2,"None",26
2021-01-18,1,"None",9112
2021-01-18,2,"None",143
2021-01-18,3,"None",5
2021-01-19,1,"None",15036
2021-01-19,2,"None",138
2021-01-19,3,"None",5
2021-01-20,1,"None",14729
2021-01-20,2,"None",137
2021-01-21,1,"None",16509
2021-01-21,2,"None",109
2021-01-21,3,"None",5
2021-01-22,1,"None",18294
2021-01-22,2,"None",227
2021-01-22,3,"None",5
2021-01-23,1,"None",18643
2021-01-23,2,"None",100
2021-01-24,1,"None",5240
2021-01-24,2,"None",95
2021-01-24,3,"None",5
2021-01-25,1,"None",13390
2021-01-25,2,"None",313
2021-01-25,3,"None",5
2021-01-26,1,"None",15773
2021-01-26,2,"None",225
2021-01-26,3,"None",5
2021-01-27,1,"None",18074
2021-01-27,2,"None",117
2021-01-27,3,"None",5
2021-01-28,1,"None",18175
2021-01-28,2,"None",161
2021-01-29,1,"None",19731
2021-01-29,2,"None",261
2021-01-29,3,"None",5
2021-01-30,1,"None",19331
2021-01-30,2,"None",86
2021-01-31,1,"None",8235
2021-01-31,2,"None",92
2021-01-31,3,"None",5
2021-02-01,1,"None",16310
2021-02-01,2,"None",261
2021-02-01,3,"None",5
2021-02-02,1,"None",20515
2021-02-02,2,"None",182
2021-02-02,3,"None",5
2021-02-03,1,"None",22534
2021-02-03,2,"None",229
2021-02-03,3,"None",5
2021-02-04,1,"None",26526
2021-02-04,2,"None",304
2021-02-04,3,"None",5
2021-02-05,1,"None",26341
2021-02-05,2,"None",443
2021-02-05,3,"None",5
2021-02-06,1,"None",27324
2021-02-06,2,"None",126
2021-02-07,1,"None",13001
2021-02-07,2,"None",105
2021-02-08,1,"None",22317
2021-02-08,2,"None",811
2021-02-08,3,"None",5
2021-02-09,1,"None",27613
2021-02-09,2,"None",343
2021-02-09,3,"None",5
2021-02-10,1,"None",27735
2021-02-10,2,"None",262
2021-02-10,3,"None",5
2021-02-11,1,"None",31567
2021-02-11,2,"None",261
2021-02-11,3,"None",5
2021-02-12,1,"None",28075
2021-02-12,2,"None",831
2021-02-12,3,"None",7
2021-02-13,1,"None",24222
2021-02-13,2,"None",374
2021-02-13,3,"None",5
2021-02-14,1,"None",13622
2021-02-14,2,"None",380
2021-02-14,3,"None",5
2021-02-15,1,"None",12704
2021-02-15,2,"None",1349
2021-02-15,3,"None",11
2021-02-16,1,"None",17519
2021-02-16,2,"None",2550
2021-02-16,3,"None",26
2021-02-17,1,"None",19212
2021-02-17,2,"None",2775
2021-02-17,3,"None",29
2021-02-18,1,"None",18963
2021-02-18,2,"None",3215
2021-02-18,3,"None",29
2021-02-19,1,"None",17660
2021-02-19,2,"None",3351
2021-02-19,3,"None",40
2021-02-20,1,"None",10902
2021-02-20,2,"None",2256
2021-02-20,3,"None",44
2021-02-21,1,"None",6595
2021-02-21,2,"None",2028
2021-02-21,3,"None",21
2021-02-22,1,"None",10810
2021-02-22,2,"None",3546
2021-02-22,3,"None",19
2021-02-23,1,"None",14867
2021-02-23,2,"None",4450
2021-02-23,3,"None",38
2021-02-24,1,"None",16790
2021-02-24,2,"None",4204
2021-02-24,3,"None",30
2021-02-25,1,"None",16605
2021-02-25,2,"None",4436
2021-02-25,3,"None",46
2021-02-26,1,"None",15548
2021-02-26,2,"None",4426
2021-02-26,3,"None",25
2021-02-27,1,"None",10571
2021-02-27,2,"None",2990
2021-02-27,3,"None",36
2021-02-28,1,"None",7501
2021-02-28,2,"None",2814
2021-02-28,3,"None",39
2021-03-01,1,"None",10537
2021-03-01,2,"None",4297
2021-03-01,3,"None",39
2021-03-02,1,"None",14261
2021-03-02,2,"None",6529
2021-03-02,3,"None",45
2021-03-03,1,"None",14323
2021-03-03,2,"None",7617
2021-03-03,3,"None",114
2021-03-04,1,"None",16687
2021-03-04,2,"None",7005
2021-03-04,3,"None",79
2021-03-05,1,"None",14723
2021-03-05,2,"None",6307
2021-03-05,3,"None",45
2021-03-06,1,"None",12146
2021-03-06,2,"None",4397
2021-03-06,3,"None",7
2021-03-07,1,"None",5440
2021-03-07,2,"None",2941
2021-03-07,3,"None",5
2021-03-08,1,"None",8691
2021-03-08,2,"None",4688
2021-03-08,3,"None",27
2021-03-09,1,"None",10932
2021-03-09,2,"None",8499
2021-03-09,3,"None",58
2021-03-10,1,"None",11135
2021-03-10,2,"None",8375
2021-03-10,3,"None",106
2021-03-11,1,"None",14221
2021-03-11,2,"None",7445
2021-03-11,3,"None",18
2021-03-12,1,"None",16579
2021-03-12,2,"None",6249
2021-03-12,3,"None",17
2021-03-13,1,"None",18600
2021-03-13,2,"None",5698
2021-03-13,3,"None",21
2021-03-14,1,"None",8817
2021-03-14,2,"None",3271
2021-03-14,3,"None",7
2021-03-15,1,"None",16725
2021-03-15,2,"None",6325
2021-03-15,3,"None",22
2021-03-16,1,"None",19886
2021-03-16,2,"None",8635
2021-03-16,3,"None",17
2021-03-17,1,"None",22492
2021-03-17,2,"None",8855
2021-03-17,3,"None",17
2021-03-18,1,"None",23502
2021-03-18,2,"None",8258
2021-03-18,3,"None",19
2021-03-19,1,"None",24068
2021-03-19,2,"None",7065
2021-03-19,3,"None",30
2021-03-20,1,"None",23926
2021-03-20,2,"None",5885
2021-03-20,3,"None",23
2021-03-21,1,"None",14424
2021-03-21,2,"None",2805
2021-03-21,3,"None",6
2021-03-22,1,"None",14586
2021-03-22,2,"None",6296
2021-03-22,3,"None",58
2021-03-23,1,"None",17344
2021-03-23,2,"None",10243
2021-03-23,3,"None",22
2021-03-24,1,"None",19018
2021-03-24,2,"None",9658
2021-03-24,3,"None",29
2021-03-25,1,"None",18630
2021-03-25,2,"None",9463
2021-03-25,3,"None",20
2021-03-26,1,"None",19531
2021-03-26,2,"None",9301
2021-03-26,3,"None",65
2021-03-26,4,"None",5
2021-03-27,1,"None",19552
2021-03-27,2,"None",11170
2021-03-27,3,"None",14
2021-03-28,1,"None",12925
2021-03-28,2,"None",3661
2021-03-28,3,"None",7
2021-03-29,1,"None",14019
2021-03-29,2,"None",8189
2021-03-29,3,"None",45
2021-03-30,1,"None",14582
2021-03-30,2,"None",11956
2021-03-30,3,"None",30
2021-03-31,1,"None",16919
2021-03-31,2,"None",15146
2021-03-31,3,"None",44
2021-04-01,1,"None",13857
2021-04-01,2,"None",12193
2021-04-01,3,"None",35
2021-04-02,1,"None",10918
2021-04-02,2,"None",9016
2021-04-02,3,"None",12
2021-04-03,1,"None",8040
2021-04-03,2,"None",6259
2021-04-03,3,"None",14
2021-04-04,1,"None",5579
2021-04-04,2,"None",2353
2021-04-04,3,"None",6
2021-04-05,1,"None",4840
2021-04-05,2,"None",4195
2021-04-05,3,"None",5
2021-04-06,1,"None",7948
2021-04-06,2,"None",8391
2021-04-06,3,"None",14
2021-04-07,1,"None",10145
2021-04-07,2,"None",12817
2021-04-07,3,"None",17
2021-04-08,1,"None",9737
2021-04-08,2,"None",14515
2021-04-08,3,"None",50
2021-04-09,1,"None",11472
2021-04-09,2,"None",14494
2021-04-09,3,"None",39
2021-04-10,1,"None",9218
2021-04-10,2,"None",19684
2021-04-10,3,"None",35
2021-04-11,1,"None",7049
2021-04-11,2,"None",4875
2021-04-11,3,"None",13
2021-04-12,1,"None",8598
2021-04-12,2,"None",10152
2021-04-12,3,"None",42
2021-04-13,1,"None",9640
2021-04-13,2,"None",15371
2021-04-13,3,"None",45
2021-04-14,1,"None",10704
2021-04-14,2,"None",15732
2021-04-14,3,"None",33
2021-04-15,1,"None",9485
2021-04-15,2,"None",16166
2021-04-15,3,"None",90
2021-04-16,1,"None",9320
2021-04-16,2,"None",16556
2021-04-16,3,"None",115
2021-04-17,1,"None",7446
2021-04-17,2,"None",15436
2021-04-17,3,"None",90
2021-04-18,1,"None",4499
2021-04-18,2,"None",5556
2021-04-18,3,"None",8
2021-04-19,1,"None",4734
2021-04-19,2,"None",17486
2021-04-19,3,"None",35
2021-04-20,1,"None",8053
2021-04-20,2,"None",22762
2021-04-20,3,"None",38
2021-04-21,1,"None",8379
2021-04-21,2,"None",23445
2021-04-21,3,"None",26
2021-04-22,1,"None",8129
2021-04-22,2,"None",23010
2021-04-22,3,"None",36
2021-04-23,1,"None",8641
2021-04-23,2,"None",19662
2021-04-23,3,"None",66
2021-04-24,1,"None",6677
2021-04-24,2,"None",18802
2021-04-24,3,"None",66
2021-04-25,1,"None",5785
2021-04-25,2,"None",8809
2021-04-25,3,"None",5
2021-04-26,1,"None",6506
2021-04-26,2,"None",15025
2021-04-26,3,"None",41
2021-04-27,1,"None",8306
2021-04-27,2,"None",20154
2021-04-27,3,"None",51
2021-04-28,1,"None",7306
2021-04-28,2,"None",20847
2021-04-28,3,"None",30
2021-04-29,1,"None",7912
2021-04-29,2,"None",19999
2021-04-29,3,"None",44
2021-04-30,1,"None",8939
2021-04-30,2,"None",19384
2021-04-30,3,"None",27
2021-05-01,1,"None",5861
2021-05-01,2,"None",10318
2021-05-01,3,"None",10
2021-05-02,1,"None",4404
2021-05-02,2,"None",7698
2021-05-02,3,"None",8
2021-05-03,1,"None",3611
2021-05-03,2,"None",6448
2021-05-03,3,"None",7
2021-05-04,1,"None",8380
2021-05-04,2,"None",14545
2021-05-04,3,"None",23
2021-05-05,1,"None",9694
2021-05-05,2,"None",16998
2021-05-05,3,"None",26
2021-05-06,1,"None",9773
2021-05-06,2,"None",14140
2021-05-06,3,"None",42
2021-05-07,1,"None",8641
2021-05-07,2,"None",13249
2021-05-07,3,"None",33
2021-05-08,1,"None",9208
2021-05-08,2,"None",10363
2021-05-08,3,"None",32
2021-05-09,1,"None",7758
2021-05-09,2,"None",5461
2021-05-09,3,"None",9
2021-05-10,1,"None",9873
2021-05-10,2,"None",7574
2021-05-10,3,"None",19
2021-05-11,1,"None",10970
2021-05-11,2,"None",12802
2021-05-11,3,"None",54
2021-05-12,1,"None",11340
2021-05-12,2,"None",13964
2021-05-12,3,"None",18
2021-05-13,1,"None",11172
2021-05-13,2,"None",14243
2021-05-13,3,"None",27
2021-05-14,1,"None",10122
2021-05-14,2,"None",14114
2021-05-14,3,"None",33
2021-05-15,1,"None",10832
2021-05-15,2,"None",10098
2021-05-15,3,"None",5
2021-05-16,1,"None",8217
2021-05-16,2,"None",7221
2021-05-16,3,"None",7
2021-05-17,1,"None",4909
2021-05-17,2,"None",14293
2021-05-17,3,"None",16
2021-05-18,1,"None",6527
2021-05-18,2,"None",16590
2021-05-18,3,"None",27
2021-05-19,1,"None",7414
2021-05-19,2,"None",18062
2021-05-19,3,"None",191
2021-05-20,1,"None",8373
2021-05-20,2,"None",14232
2021-05-20,3,"None",13
2021-05-21,1,"None",8040
2021-05-21,2,"None",14377
2021-05-21,3,"None",15
2021-05-22,1,"None",7775
2021-05-22,2,"None",14681
2021-05-22,3,"None",8
2021-05-23,1,"None",5486
2021-05-23,2,"None",7846
2021-05-23,3,"None",6
2021-05-24,1,"None",8135
2021-05-24,2,"None",15031
2021-05-24,3,"None",51
2021-05-25,1,"None",9705
2021-05-25,2,"None",17913
2021-05-25,3,"None",91
2021-05-26,1,"None",8392
2021-05-26,2,"None",15940
2021-05-26,3,"None",50
2021-05-27,1,"None",10518
2021-05-27,2,"None",16538
2021-05-27,3,"None",24
2021-05-28,1,"None",9729
2021-05-28,2,"None",14128
2021-05-28,3,"None",17
2021-05-29,1,"None",7359
2021-05-29,2,"None",12715
2021-05-29,3,"None",9
2021-05-30,1,"None",6344
2021-05-30,2,"None",7052
2021-05-30,3,"None",6
2021-05-31,1,"None",6132
2021-05-31,2,"None",11468
2021-05-31,3,"None",7
2021-06-01,1,"None",7343
2021-06-01,2,"None",19367
2021-06-01,3,"None",81
2021-06-02,1,"None",8084
2021-06-02,2,"None",18660
2021-06-02,3,"None",17
2021-06-03,1,"None",9556
2021-06-03,2,"None",16534
2021-06-03,3,"None",47
2021-06-04,1,"None",7743
2021-06-04,2,"None",17921
2021-06-04,3,"None",133
2021-06-05,1,"None",7127
2021-06-05,2,"None",19120
2021-06-05,3,"None",40
2021-06-06,1,"None",5497
2021-06-06,2,"None",11481
2021-06-06,3,"None",5
2021-06-07,1,"None",5846
2021-06-07,2,"None",17077
2021-06-07,3,"None",132
2021-06-07,4,"None",5
2021-06-08,1,"None",7356
2021-06-08,2,"None",17807
2021-06-08,3,"None",59
2021-06-09,1,"None",7111
2021-06-09,2,"None",18315
2021-06-09,3,"None",58
2021-06-10,1,"None",7176
2021-06-10,2,"None",17086
2021-06-10,3,"None",40
2021-06-11,1,"None",7307
2021-06-11,2,"None",16526
2021-06-11,3,"None",48
2021-06-12,1,"None",8470
2021-06-12,2,"None",15401
2021-06-12,3,"None",31
2021-06-13,1,"None",6400
2021-06-13,2,"None",9613
2021-06-13,3,"None",11
2021-06-14,1,"None",5094
2021-06-14,2,"None",16144
2021-06-14,3,"None",45
2021-06-15,1,"None",7768
2021-06-15,2,"None",15794
2021-06-15,3,"None",26
2021-06-16,1,"None",6681
2021-06-16,2,"None",17104
2021-06-16,3,"None",50
2021-06-17,1,"None",8215
2021-06-17,2,"None",14656
2021-06-17,3,"None",18
2021-06-17,4,"None",5
2021-06-18,1,"None",7350
2021-06-18,2,"None",11937
2021-06-18,3,"None",32
2021-06-19,1,"None",6726
2021-06-19,2,"None",11600
2021-06-19,3,"None",11
2021-06-20,1,"None",5338
2021-06-20,2,"None",7487
2021-06-20,3,"None",5
2021-06-21,1,"None",6912
2021-06-21,2,"None",10415
2021-06-21,3,"None",65
2021-06-22,1,"None",8102
2021-06-22,2,"None",11061
2021-06-22,3,"None",36
2021-06-23,1,"None",7608
2021-06-23,2,"None",11311
2021-06-23,3,"None",29
2021-06-24,1,"None",6688
2021-06-24,2,"None",10666
2021-06-24,3,"None",6
2021-06-25,1,"None",6014
2021-06-25,2,"None",9814
2021-06-25,3,"None",16
2021-06-26,1,"None",6947
2021-06-26,2,"None",7405
2021-06-26,3,"None",8
2021-06-27,1,"None",4356
2021-06-27,2,"None",6071
2021-06-27,3,"None",5
2021-06-28,1,"None",5495
2021-06-28,2,"None",8755
2021-06-28,3,"None",36
2021-06-29,1,"None",6704
2021-06-29,2,"None",9579
2021-06-29,3,"None",18
2021-06-29,4,"None",5
2021-06-30,1,"None",5589
2021-06-30,2,"None",11244
2021-06-30,3,"None",17
2021-07-01,1,"None",4658
2021-07-01,2,"None",11361
2021-07-01,3,"None",18
2021-07-02,1,"None",4672
2021-07-02,2,"None",11490
2021-07-02,3,"None",11
2021-07-03,1,"None",4173
2021-07-03,2,"None",7936
2021-07-03,3,"None",7
2021-07-04,1,"None",2693
2021-07-04,2,"None",6255
2021-07-04,3,"None",5
2021-07-05,1,"None",3411
2021-07-05,2,"None",11536
2021-07-05,3,"None",13
2021-07-06,1,"None",3507
2021-07-06,2,"None",12767
2021-07-06,3,"None",11
2021-07-07,1,"None",3659
2021-07-07,2,"None",12481
2021-07-07,3,"None",9
2021-07-08,1,"None",3309
2021-07-08,2,"None",11084
2021-07-08,3,"None",11
2021-07-09,1,"None",3453
2021-07-09,2,"None",10398
2021-07-09,3,"None",9
2021-07-10,1,"None",4434
2021-07-10,2,"None",9477
2021-07-10,3,"None",10
2021-07-11,1,"None",1887
2021-07-11,2,"None",6579
2021-07-11,3,"None",5
2021-07-12,1,"None",2679
2021-07-12,2,"None",8659
2021-07-12,3,"None",5
2021-07-13,1,"None",2381
2021-07-13,2,"None",9498
2021-07-13,3,"None",12
2021-07-14,1,"None",2019
2021-07-14,2,"None",9865
2021-07-14,3,"None",9
2021-07-14,4,"None",5
2021-07-15,1,"None",2261
2021-07-15,2,"None",8934
2021-07-15,3,"None",5
2021-07-16,1,"None",2310
2021-07-16,2,"None",8655
2021-07-16,3,"None",11
2021-07-17,1,"None",2506
2021-07-17,2,"None",7381
2021-07-17,3,"None",5
2021-07-18,1,"None",1598
2021-07-18,2,"None",5289
2021-07-18,3,"None",5
2021-07-19,1,"None",1162
2021-07-19,2,"None",9590
2021-07-19,3,"None",7
2021-07-20,1,"None",1395
2021-07-20,2,"None",9649
2021-07-20,3,"None",9
2021-07-21,1,"None",1321
2021-07-21,2,"None",9318
2021-07-21,3,"None",8
2021-07-22,1,"None",1354
2021-07-22,2,"None",8981
2021-07-22,3,"None",5
2021-07-23,1,"None",1405
2021-07-23,2,"None",9670
2021-07-23,3,"None",6
2021-07-24,1,"None",1638
2021-07-24,2,"None",7964
2021-07-24,3,"None",5
2021-07-25,1,"None",1044
2021-07-25,2,"None",5665
2021-07-25,3,"None",5
2021-07-26,1,"None",1295
2021-07-26,2,"None",9802
2021-07-26,3,"None",10
2021-07-27,1,"None",1371
2021-07-27,2,"None",9028
2021-07-27,3,"None",9
2021-07-28,1,"None",1365
2021-07-28,2,"None",9278
2021-07-28,3,"None",5
2021-07-29,1,"None",1537
2021-07-29,2,"None",8407
2021-07-29,3,"None",12
2021-07-30,1,"None",1355
2021-07-30,2,"None",6960
2021-07-30,3,"None",9
2021-07-31,1,"None",1607
2021-07-31,2,"None",7100
2021-07-31,3,"None",5
2021-08-01,1,"None",999
2021-08-01,2,"None",5231
2021-08-01,3,"None",9
2021-08-02,1,"None",829
2021-08-02,2,"None",8649
2021-08-02,3,"None",9
2021-08-03,1,"None",1019
2021-08-03,2,"None",8657
2021-08-03,3,"None",9
2021-08-04,1,"None",1131
2021-08-04,2,"None",8120
2021-08-04,3,"None",18
2021-08-04,4,"None",5
2021-08-05,1,"None",1051
2021-08-05,2,"None",6990
2021-08-05,3,"None",10
2021-08-06,1,"None",1430
2021-08-06,2,"None",6848
2021-08-06,3,"None",9
2021-08-07,1,"None",1577
2021-08-07,2,"None",6544
2021-08-07,3,"None",5
2021-08-08,1,"None",1441
2021-08-08,2,"None",5097
2021-08-08,3,"None",5
2021-08-09,1,"None",1608
2021-08-09,2,"None",5829
2021-08-09,3,"None",6
2021-08-10,1,"None",2607
2021-08-10,2,"None",7304
2021-08-10,3,"None",5
2021-08-11,1,"None",2306
2021-08-11,2,"None",7551
2021-08-11,3,"None",6
2021-08-12,1,"None",2699
2021-08-12,2,"None",7954
2021-08-12,3,"None",5
2021-08-13,1,"None",2465
2021-08-13,2,"None",7584
2021-08-13,3,"None",6
2021-08-14,1,"None",2339
2021-08-14,2,"None",7413
2021-08-14,3,"None",5
2021-08-15,1,"None",1595
2021-08-15,2,"None",4946
2021-08-15,3,"None",5
2021-08-16,1,"None",2037
2021-08-16,2,"None",6096
2021-08-16,3,"None",10
2021-08-17,1,"None",2283
2021-08-17,2,"None",6928
2021-08-17,3,"None",7
2021-08-18,1,"None",2368
2021-08-18,2,"None",7021
2021-08-18,3,"None",5
2021-08-19,1,"None",2590
2021-08-19,2,"None",6935
2021-08-19,3,"None",8
2021-08-20,1,"None",2713
2021-08-20,2,"None",6562
2021-08-20,3,"None",5
2021-08-21,1,"None",3206
2021-08-21,2,"None",6651
2021-08-21,3,"None",5
2021-08-22,1,"None",2264
2021-08-22,2,"None",5104
2021-08-22,3,"None",5
2021-08-23,1,"None",2213
2021-08-23,2,"None",4922
2021-08-23,3,"None",13
2021-08-24,1,"None",2369
2021-08-24,2,"None",5530
2021-08-24,3,"None",6
2021-08-25,1,"None",1976
2021-08-25,2,"None",5031
2021-08-25,3,"None",9
2021-08-26,1,"None",1956
2021-08-26,2,"None",4834
2021-08-26,3,"None",7
2021-08-27,1,"None",1677
2021-08-27,2,"None",4612
2021-08-27,3,"None",7
2021-08-28,1,"None",1318
2021-08-28,2,"None",4716
2021-08-28,3,"None",5
2021-08-29,1,"None",1011
2021-08-29,2,"None",2779
2021-08-29,3,"None",5
2021-08-29,4,"None",5
2021-08-30,1,"None",855
2021-08-30,2,"None",2955
2021-08-30,3,"None",5
2021-08-31,1,"None",1369
2021-08-31,2,"None",3796
2021-08-31,3,"None",6
2021-09-01,1,"None",1516
2021-09-01,2,"None",2686
2021-09-01,3,"None",8
2021-09-02,1,"None",1495
2021-09-02,2,"None",3622
2021-09-02,3,"None",5
2021-09-03,1,"None",1568
2021-09-03,2,"None",3519
2021-09-03,3,"None",14
2021-09-04,1,"None",2659
2021-09-04,2,"None",3864
2021-09-04,3,"None",5
2021-09-05,1,"None",1534
2021-09-05,2,"None",2846
2021-09-05,3,"None",7
2021-09-06,1,"None",870
2021-09-06,2,"None",2880
2021-09-06,3,"None",5
2021-09-07,1,"None",1115
2021-09-07,2,"None",2858
2021-09-07,3,"None",5
2021-09-08,1,"None",905
2021-09-08,2,"None",2918
2021-09-08,3,"None",9
2021-09-09,1,"None",898
2021-09-09,2,"None",2538
2021-09-09,3,"None",11
2021-09-10,1,"None",1133
2021-09-10,2,"None",2897
2021-09-10,3,"None",7
2021-09-10,4,"None",5
2021-09-11,1,"None",857
2021-09-11,2,"None",3058
2021-09-11,3,"None",8
2021-09-12,1,"None",807
2021-09-12,2,"None",1601
2021-09-12,3,"None",5
2021-09-13,1,"None",1090
2021-09-13,2,"None",1651
2021-09-13,3,"None",5
2021-09-14,1,"None",1054
2021-09-14,2,"None",1613
2021-09-14,3,"None",9
2021-09-15,1,"None",950
2021-09-15,2,"None",1605
2021-09-15,3,"None",94
2021-09-15,4,"None",5
2021-09-16,1,"None",996
2021-09-16,2,"None",1446
2021-09-16,3,"None",107
2021-09-16,4,"None",5
2021-09-17,1,"None",903
2021-09-17,2,"None",1454
2021-09-17,3,"None",134
2021-09-17,4,"None",5
2021-09-18,1,"None",1254
2021-09-18,2,"None",2502
2021-09-18,3,"None",625
2021-09-18,4,"None",17
2021-09-19,1,"None",480
2021-09-19,2,"None",861
2021-09-19,3,"None",185
2021-09-19,4,"None",5
2021-09-20,1,"None",1709
2021-09-20,2,"None",1457
2021-09-20,3,"None",1826
2021-09-20,4,"None",11
2021-09-21,1,"None",1371
2021-09-21,2,"None",1232
2021-09-21,3,"None",2715
2021-09-21,4,"None",33
2021-09-22,1,"None",1365
2021-09-22,2,"None",1159
2021-09-22,3,"None",2801
2021-09-22,4,"None",31
2021-09-23,1,"None",1262
2021-09-23,2,"None",1098
2021-09-23,3,"None",3475
2021-09-23,4,"None",15
2021-09-24,1,"None",1559
2021-09-24,2,"None",1133
2021-09-24,3,"None",3907
2021-09-24,4,"None",20
2021-09-25,1,"None",2156
2021-09-25,2,"None",1256
2021-09-25,3,"None",2733
2021-09-25,4,"None",17
2021-09-26,1,"None",1724
2021-09-26,2,"None",972
2021-09-26,3,"None",2573
2021-09-26,4,"None",15
2021-09-27,1,"None",1503
2021-09-27,2,"None",1073
2021-09-27,3,"None",5910
2021-09-27,4,"None",31
2021-09-28,1,"None",1350
2021-09-28,2,"None",1133
2021-09-28,3,"None",6705
2021-09-28,4,"None",58
2021-09-29,1,"None",1529
2021-09-29,2,"None",1252
2021-09-29,3,"None",7051
2021-09-29,4,"None",33
2021-09-30,1,"None",1642
2021-09-30,2,"None",1148
2021-09-30,3,"None",8251
2021-09-30,4,"None",39
2021-10-01,1,"None",2021
2021-10-01,2,"None",1170
2021-10-01,3,"None",7184
2021-10-01,4,"None",36
2021-10-02,1,"None",4299
2021-10-02,2,"None",847
2021-10-02,3,"None",4430
2021-10-02,4,"None",27
2021-10-03,1,"None",4149
2021-10-03,2,"None",931
2021-10-03,3,"None",2985
2021-10-03,4,"None",16
2021-10-04,1,"None",2020
2021-10-04,2,"None",932
2021-10-04,3,"None",7081
2021-10-04,4,"None",39
2021-10-05,1,"None",2183
2021-10-05,2,"None",984
2021-10-05,3,"None",8728
2021-10-05,4,"None",37
2021-10-06,1,"None",1902
2021-10-06,2,"None",1081
2021-10-06,3,"None",10924
2021-10-06,4,"None",48
2021-10-07,1,"None",1662
2021-10-07,2,"None",914
2021-10-07,3,"None",10323
2021-10-07,4,"None",44
2021-10-08,1,"None",1789
2021-10-08,2,"None",1039
2021-10-08,3,"None",9629
2021-10-08,4,"None",38
2021-10-09,1,"None",3373
2021-10-09,2,"None",1123
2021-10-09,3,"None",7458
2021-10-09,4,"None",129
2021-10-10,1,"None",3141
2021-10-10,2,"None",1195
2021-10-10,3,"None",3649
2021-10-10,4,"None",7
2021-10-11,1,"None",1881
2021-10-11,2,"None",787
2021-10-11,3,"None",10449
2021-10-11,4,"None",34
2021-10-12,1,"None",2405
2021-10-12,2,"None",1136
2021-10-12,3,"None",11496
2021-10-12,4,"None",42
2021-10-13,1,"None",1957
2021-10-13,2,"None",1174
2021-10-13,3,"None",11411
2021-10-13,4,"None",48
2021-10-14,1,"None",1653
2021-10-14,2,"None",930
2021-10-14,3,"None",10884
2021-10-14,4,"None",42
2021-10-15,1,"None",1810
2021-10-15,2,"None",1193
2021-10-15,3,"None",10816
2021-10-15,4,"None",27
2021-10-16,1,"None",2769
2021-10-16,2,"None",1390
2021-10-16,3,"None",10633
2021-10-16,4,"None",21
2021-10-17,1,"None",1917
2021-10-17,2,"None",1200
2021-10-17,3,"None",8104
2021-10-17,4,"None",19
2021-10-18,1,"None",1591
2021-10-18,2,"None",751
2021-10-18,3,"None",12248
2021-10-18,4,"None",38
2021-10-19,1,"None",1525
2021-10-19,2,"None",1050
2021-10-19,3,"None",13813
2021-10-19,4,"None",34
2021-10-19,5,"None",5
2021-10-20,1,"None",1450
2021-10-20,2,"None",927
2021-10-20,3,"None",13021
2021-10-20,4,"None",67
2021-10-21,1,"None",1606
2021-10-21,2,"None",1118
2021-10-21,3,"None",14148
2021-10-21,4,"None",54
2021-10-22,1,"None",1589
2021-10-22,2,"None",917
2021-10-22,3,"None",14248
2021-10-22,4,"None",35
2021-10-23,1,"None",2480
2021-10-23,2,"None",795
2021-10-23,3,"None",16162
2021-10-23,4,"None",34
2021-10-24,1,"None",1716
2021-10-24,2,"None",1181
2021-10-24,3,"None",9970
2021-10-24,4,"None",43
2021-10-25,1,"None",1665
2021-10-25,2,"None",789
2021-10-25,3,"None",11204
2021-10-25,4,"None",26
2021-10-25,5,"None",5
2021-10-26,1,"None",1730
2021-10-26,2,"None",894
2021-10-26,3,"None",13227
2021-10-26,4,"None",27
2021-10-27,1,"None",1369
2021-10-27,2,"None",967
2021-10-27,3,"None",15711
2021-10-27,4,"None",37
2021-10-28,1,"None",1514
2021-10-28,2,"None",844
2021-10-28,3,"None",14306
2021-10-28,4,"None",45
2021-10-29,1,"None",1506
2021-10-29,2,"None",799
2021-10-29,3,"None",14448
2021-10-29,4,"None",33
2021-10-30,1,"None",1597
2021-10-30,2,"None",837
2021-10-30,3,"None",12901
2021-10-30,4,"None",24
2021-10-31,1,"None",1326
2021-10-31,2,"None",475
2021-10-31,3,"None",9409
2021-10-31,4,"None",42
2021-11-01,1,"None",1228
2021-11-01,2,"None",701
2021-11-01,3,"None",11867
2021-11-01,4,"None",31
2021-11-02,1,"None",1213
2021-11-02,2,"None",779
2021-11-02,3,"None",14057
2021-11-02,4,"None",47
2021-11-03,1,"None",862
2021-11-03,2,"None",627
2021-11-03,3,"None",16660
2021-11-03,4,"None",52
2021-11-04,1,"None",924
2021-11-04,2,"None",724
2021-11-04,3,"None",18218
2021-11-04,4,"None",67
2021-11-05,1,"None",1150
2021-11-05,2,"None",883
2021-11-05,3,"None",17765
2021-11-05,4,"None",59
2021-11-06,1,"None",1009
2021-11-06,2,"None",650
2021-11-06,3,"None",17287
2021-11-06,4,"None",66
2021-11-07,1,"None",677
2021-11-07,2,"None",806
2021-11-07,3,"None",9747
2021-11-07,4,"None",19
2021-11-08,1,"None",1181
2021-11-08,2,"None",642
2021-11-08,3,"None",12977
2021-11-08,4,"None",42
2021-11-09,1,"None",1194
2021-11-09,2,"None",729
2021-11-09,3,"None",18029
2021-11-09,4,"None",113
2021-11-10,1,"None",989
2021-11-10,2,"None",943
2021-11-10,3,"None",17187
2021-11-10,4,"None",54
2021-11-11,1,"None",1219
2021-11-11,2,"None",690
2021-11-11,3,"None",18812
2021-11-11,4,"None",36
2021-11-12,1,"None",1359
2021-11-12,2,"None",859
2021-11-12,3,"None",15746
2021-11-12,4,"None",38
2021-11-13,1,"None",975
2021-11-13,2,"None",792
2021-11-13,3,"None",16510
2021-11-13,4,"None",22
2021-11-14,1,"None",1335
2021-11-14,2,"None",1130
2021-11-14,3,"None",11798
2021-11-14,4,"None",13
2021-11-15,1,"None",1423
2021-11-15,2,"None",697
2021-11-15,3,"None",12142
2021-11-15,4,"None",35
2021-11-16,1,"None",1350
2021-11-16,2,"None",780
2021-11-16,3,"None",17146
2021-11-16,4,"None",46
2021-11-17,1,"None",1303
2021-11-17,2,"None",896
2021-11-17,3,"None",17975
2021-11-17,4,"None",38
2021-11-18,1,"None",1315
2021-11-18,2,"None",740
2021-11-18,3,"None",16565
2021-11-18,4,"None",23
2021-11-19,1,"None",827
2021-11-19,2,"None",614
2021-11-19,3,"None",14898
2021-11-19,4,"None",29
2021-11-20,1,"None",871
2021-11-20,2,"None",998
2021-11-20,3,"None",17909
2021-11-20,4,"None",34
2021-11-20,5,"None",5
2021-11-21,1,"None",893
2021-11-21,2,"None",650
2021-11-21,3,"None",12703
2021-11-21,4,"None",10
2021-11-22,1,"None",1148
2021-11-22,2,"None",630
2021-11-22,3,"None",14178
2021-11-22,4,"None",22
2021-11-23,1,"None",948
2021-11-23,2,"None",749
2021-11-23,3,"None",16413
2021-11-23,4,"None",33
2021-11-24,1,"None",773
2021-11-24,2,"None",743
2021-11-24,3,"None",16167
2021-11-24,4,"None",40
2021-11-25,1,"None",917
2021-11-25,2,"None",744
2021-11-25,3,"None",14584
2021-11-25,4,"None",47
2021-11-26,1,"None",703
2021-11-26,2,"None",639
2021-11-26,3,"None",14062
2021-11-26,4,"None",29
2021-11-27,1,"None",1264
2021-11-27,2,"None",928
2021-11-27,3,"None",15126
2021-11-27,4,"None",34
2021-11-28,1,"None",754
2021-11-28,2,"None",1288
2021-11-28,3,"None",11928
2021-11-28,4,"None",21
2021-11-29,1,"None",919
2021-11-29,2,"None",863
2021-11-29,3,"None",12292
2021-11-29,4,"None",29
2021-11-30,1,"None",1236
2021-11-30,2,"None",1201
2021-11-30,3,"None",16648
2021-11-30,4,"None",25
2021-12-01,1,"None",1157
2021-12-01,2,"None",1180
2021-12-01,3,"None",17221
2021-12-01,4,"None",56
2021-12-02,1,"None",1115
2021-12-02,2,"None",1109
2021-12-02,3,"None",16951
2021-12-02,4,"None",34
2021-12-03,1,"None",1019
2021-12-03,2,"None",1108
2021-12-03,3,"None",15759
2021-12-03,4,"None",24
2021-12-04,1,"None",1084
2021-12-04,2,"None",1645
2021-12-04,3,"None",16507
2021-12-04,4,"None",127
2021-12-05,1,"None",1317
2021-12-05,2,"None",1715
2021-12-05,3,"None",11829
2021-12-05,4,"None",67
2021-12-06,1,"None",1019
2021-12-06,2,"None",896
2021-12-06,3,"None",16513
2021-12-06,4,"None",42
2021-12-07,1,"None",1229
2021-12-07,2,"None",1286
2021-12-07,3,"None",18755
2021-12-07,4,"None",30
2021-12-08,1,"None",1222
2021-12-08,2,"None",1270
2021-12-08,3,"None",18597
2021-12-08,4,"None",33
2021-12-09,1,"None",1097
2021-12-09,2,"None",1175
2021-12-09,3,"None",18661
2021-12-09,4,"None",20
2021-12-10,1,"None",1055
2021-12-10,2,"None",1120
2021-12-10,3,"None",17382
2021-12-10,4,"None",27
2021-12-11,1,"None",1267
2021-12-11,2,"None",1504
2021-12-11,3,"None",18160
2021-12-11,4,"None",160
2021-12-12,1,"None",1702
2021-12-12,2,"None",1529
2021-12-12,3,"None",14192
2021-12-12,4,"None",19
2021-12-13,1,"None",1630
2021-12-13,2,"None",1384
2021-12-13,3,"None",22301
2021-12-13,4,"None",47
2021-12-14,1,"None",1495
2021-12-14,2,"None",1597
2021-12-14,3,"None",26555
2021-12-14,4,"None",72
2021-12-15,1,"None",1779
2021-12-15,2,"None",1727
2021-12-15,3,"None",30387
2021-12-15,4,"None",64
2021-12-15,5,"None",5
2021-12-16,1,"None",1610
2021-12-16,2,"None",1446
2021-12-16,3,"None",30064
2021-12-16,4,"None",86
2021-12-17,1,"None",1636
2021-12-17,2,"None",1494
2021-12-17,3,"None",28700
2021-12-17,4,"None",83
2021-12-18,1,"None",1845
2021-12-18,2,"None",1728
2021-12-18,3,"None",30056
2021-12-18,4,"None",98
2021-12-18,5,"None",5
2021-12-19,1,"None",1824
2021-12-19,2,"None",1684
2021-12-19,3,"None",28795
2021-12-19,4,"None",245
2021-12-20,1,"None",2003
2021-12-20,2,"None",1840
2021-12-20,3,"None",34750
2021-12-20,4,"None",79
2021-12-21,1,"None",2417
2021-12-21,2,"None",2019
2021-12-21,3,"None",40686
2021-12-21,4,"None",111
2021-12-22,1,"None",2047
2021-12-22,2,"None",1854
2021-12-22,3,"None",38658
2021-12-22,4,"None",116
2021-12-22,5,"None",5
2021-12-23,1,"None",1503
2021-12-23,2,"None",1395
2021-12-23,3,"None",28498
2021-12-23,4,"None",99
2021-12-23,5,"None",5
2021-12-24,1,"None",497
2021-12-24,2,"None",427
2021-12-24,3,"None",8608
2021-12-24,4,"None",27
2021-12-24,5,"None",5
2021-12-25,1,"None",5
2021-12-25,2,"None",5
2021-12-25,3,"None",5
2021-12-26,1,"None",7
2021-12-26,2,"None",9
2021-12-26,3,"None",14
2021-12-27,1,"None",971
2021-12-27,2,"None",1471
2021-12-27,3,"None",13569
2021-12-27,4,"None",46
2021-12-27,5,"None",5
2021-12-28,1,"None",1231
2021-12-28,2,"None",1190
2021-12-28,3,"None",18872
2021-12-28,4,"None",53
2021-12-29,1,"None",1621
2021-12-29,2,"None",1508
2021-12-29,3,"None",23638
2021-12-29,4,"None",88
2021-12-30,1,"None",1443
2021-12-30,2,"None",1374
2021-12-30,3,"None",19318
2021-12-30,4,"None",80
2021-12-31,1,"None",708
2021-12-31,2,"None",1068
2021-12-31,3,"None",7612
2021-12-31,4,"None",171
2022-01-01,1,"None",6
2022-01-01,2,"None",5
2022-01-01,3,"None",31
2022-01-02,1,"None",227
2022-01-02,2,"None",253
2022-01-02,3,"None",1890
2022-01-02,4,"None",8
2022-01-02,5,"None",5
2022-01-03,1,"None",879
2022-01-03,2,"None",2473
2022-01-03,3,"None",7342
2022-01-03,4,"None",80
2022-01-03,5,"None",5
2022-01-04,1,"None",1212
2022-01-04,2,"None",2908
2022-01-04,3,"None",11070
2022-01-04,4,"None",163
2022-01-05,1,"None",1289
2022-01-05,2,"None",3131
2022-01-05,3,"None",11564
2022-01-05,4,"None",259
2022-01-05,5,"None",5
2022-01-06,1,"None",1101
2022-01-06,2,"None",2295
2022-01-06,3,"None",9905
2022-01-06,4,"None",209
2022-01-06,5,"None",5
2022-01-07,1,"None",1242
2022-01-07,2,"None",2510
2022-01-07,3,"None",10013
2022-01-07,4,"None",260
2022-01-07,5,"None",5
2022-01-08,1,"None",1122
2022-01-08,2,"None",3124
2022-01-08,3,"None",7881
2022-01-08,4,"None",144
2022-01-08,5,"None",5
2022-01-09,1,"None",778
2022-01-09,2,"None",1549
2022-01-09,3,"None",6340
2022-01-09,4,"None",156
2022-01-10,1,"None",956
2022-01-10,2,"None",1336
2022-01-10,3,"None",8050
2022-01-10,4,"None",1128
2022-01-10,5,"None",5
2022-01-11,1,"None",961
2022-01-11,2,"None",1454
2022-01-11,3,"None",6880
2022-01-11,4,"None",395
2022-01-11,5,"None",5
2022-01-12,1,"None",989
2022-01-12,2,"None",1349
2022-01-12,3,"None",6817
2022-01-12,4,"None",468
2022-01-12,5,"None",5
2022-01-13,1,"None",797
2022-01-13,2,"None",1280
2022-01-13,3,"None",4950
2022-01-13,4,"None",767
2022-01-14,1,"None",921
2022-01-14,2,"None",1547
2022-01-14,3,"None",5581
2022-01-14,4,"None",229
2022-01-15,1,"None",738
2022-01-15,2,"None",6062
2022-01-15,3,"None",3997
2022-01-15,4,"None",123
2022-01-15,5,"None",5
2022-01-16,1,"None",826
2022-01-16,2,"None",3443
2022-01-16,3,"None",2879
2022-01-16,4,"None",106
2022-01-17,1,"None",660
2022-01-17,2,"None",1590
2022-01-17,3,"None",3722
2022-01-17,4,"None",1300
2022-01-18,1,"None",665
2022-01-18,2,"None",1247
2022-01-18,3,"None",3257
2022-01-18,4,"None",242
2022-01-19,1,"None",602
2022-01-19,2,"None",1085
2022-01-19,3,"None",2989
2022-01-19,4,"None",246
2022-01-19,5,"None",5
2022-01-20,1,"None",691
2022-01-20,2,"None",1253
2022-01-20,3,"None",3393
2022-01-20,4,"None",373
2022-01-20,5,"None",5
2022-01-21,1,"None",636
2022-01-21,2,"None",1569
2022-01-21,3,"None",3372
2022-01-21,4,"None",303
2022-01-21,5,"None",5
2022-01-22,1,"None",711
2022-01-22,2,"None",2358
2022-01-22,3,"None",2197
2022-01-22,4,"None",109
2022-01-23,1,"None",571
2022-01-23,2,"None",1935
2022-01-23,3,"None",2256
2022-01-23,4,"None",101
2022-01-24,1,"None",492
2022-01-24,2,"None",1073
2022-01-24,3,"None",2556
2022-01-24,4,"None",586
2022-01-25,1,"None",452
2022-01-25,2,"None",903
2022-01-25,3,"None",2201
2022-01-25,4,"None",373
2022-01-25,5,"None",5
2022-01-26,1,"None",586
2022-01-26,2,"None",867
2022-01-26,3,"None",2352
2022-01-26,4,"None",239
2022-01-27,1,"None",623
2022-01-27,2,"None",872
2022-01-27,3,"None",2319
2022-01-27,4,"None",220
2022-01-27,5,"None",5
2022-01-28,1,"None",602
2022-01-28,2,"None",931
2022-01-28,3,"None",2770
2022-01-28,4,"None",322
2022-01-28,5,"None",5
2022-01-29,1,"None",1060
2022-01-29,2,"None",1824
2022-01-29,3,"None",1760
2022-01-29,4,"None",164
2022-01-30,1,"None",599
2022-01-30,2,"None",1457
2022-01-30,3,"None",1428
2022-01-30,4,"None",141
2022-01-31,1,"None",495
2022-01-31,2,"None",739
2022-01-31,3,"None",1981
2022-01-31,4,"None",576
2022-01-31,5,"None",5
2022-02-01,1,"None",649
2022-02-01,2,"None",590
2022-02-01,3,"None",1858
2022-02-01,4,"None",375
2022-02-02,1,"None",528
2022-02-02,2,"None",546
2022-02-02,3,"None",1882
2022-02-02,4,"None",358
2022-02-02,5,"None",6
2022-02-03,1,"None",582
2022-02-03,2,"None",586
2022-02-03,3,"None",1943
2022-02-03,4,"None",273
2022-02-03,5,"None",5
2022-02-04,1,"None",519
2022-02-04,2,"None",696
2022-02-04,3,"None",2002
2022-02-04,4,"None",339
2022-02-04,5,"None",5
2022-02-05,1,"None",800
2022-02-05,2,"None",901
2022-02-05,3,"None",1140
2022-02-05,4,"None",246
2022-02-05,5,"None",5
2022-02-06,1,"None",513
2022-02-06,2,"None",734
2022-02-06,3,"None",939
2022-02-06,4,"None",171
2022-02-06,5,"None",5
2022-02-07,1,"None",417
2022-02-07,2,"None",411
2022-02-07,3,"None",2172
2022-02-07,4,"None",399
2022-02-07,5,"None",5
2022-02-08,1,"None",417
2022-02-08,2,"None",480
2022-02-08,3,"None",2199
2022-02-08,4,"None",415
2022-02-08,5,"None",5
2022-02-09,1,"None",400
2022-02-09,2,"None",416
2022-02-09,3,"None",1891
2022-02-09,4,"None",229
2022-02-09,5,"None",5
2022-02-10,1,"None",423
2022-02-10,2,"None",577
2022-02-10,3,"None",2511
2022-02-10,4,"None",205
2022-02-10,5,"None",5
2022-02-11,1,"None",428
2022-02-11,2,"None",556
2022-02-11,3,"None",2594
2022-02-11,4,"None",616
2022-02-11,5,"None",8
2022-02-12,1,"None",597
2022-02-12,2,"None",850
2022-02-12,3,"None",1651
2022-02-12,4,"None",108
2022-02-12,5,"None",5
2022-02-13,1,"None",486
2022-02-13,2,"None",925
2022-02-13,3,"None",1075
2022-02-13,4,"None",87
2022-02-13,5,"None",5
2022-02-14,1,"None",416
2022-02-14,2,"None",525
2022-02-14,3,"None",2160
2022-02-14,4,"None",183
2022-02-14,5,"None",5
2022-02-15,1,"None",330
2022-02-15,2,"None",496
2022-02-15,3,"None",2392
2022-02-15,4,"None",265
2022-02-15,5,"None",5
2022-02-16,1,"None",368
2022-02-16,2,"None",488
2022-02-16,3,"None",2181
2022-02-16,4,"None",184
2022-02-16,5,"None",5
2022-02-17,1,"None",338
2022-02-17,2,"None",528
2022-02-17,3,"None",2291
2022-02-17,4,"None",168
2022-02-17,5,"None",5
2022-02-18,1,"None",280
2022-02-18,2,"None",398
2022-02-18,3,"None",1422
2022-02-18,4,"None",136
2022-02-19,1,"None",397
2022-02-19,2,"None",707
2022-02-19,3,"None",1603
2022-02-19,4,"None",284
2022-02-19,5,"None",5
2022-02-20,1,"None",254
2022-02-20,2,"None",466
2022-02-20,3,"None",1256
2022-02-20,4,"None",90
2022-02-20,5,"None",5
2022-02-21,1,"None",329
2022-02-21,2,"None",337
2022-02-21,3,"None",2083
2022-02-21,4,"None",496
2022-02-21,5,"None",5
2022-02-22,1,"None",272
2022-02-22,2,"None",391
2022-02-22,3,"None",2125
2022-02-22,4,"None",221
2022-02-23,1,"None",268
2022-02-23,2,"None",448
2022-02-23,3,"None",1517
2022-02-23,4,"None",334
2022-02-23,5,"None",5
2022-02-24,1,"None",268
2022-02-24,2,"None",382
2022-02-24,3,"None",1161
2022-02-24,4,"None",217
2022-02-25,1,"None",328
2022-02-25,2,"None",401
2022-02-25,3,"None",1437
2022-02-25,4,"None",279
2022-02-25,5,"None",5
2022-02-26,1,"None",345
2022-02-26,2,"None",572
2022-02-26,3,"None",886
2022-02-26,4,"None",187
2022-02-26,5,"None",5
2022-02-27,1,"None",275
2022-02-27,2,"None",388
2022-02-27,3,"None",582
2022-02-27,4,"None",160
2022-02-28,1,"None",253
2022-02-28,2,"None",351
2022-02-28,3,"None",1256
2022-02-28,4,"None",321
2022-03-01,1,"None",272
2022-03-01,2,"None",565
2022-03-01,3,"None",1347
2022-03-01,4,"None",279
2022-03-01,5,"None",5
2022-03-02,1,"None",203
2022-03-02,2,"None",435
2022-03-02,3,"None",1150
2022-03-02,4,"None",236
2022-03-02,5,"None",5
2022-03-03,1,"None",212
2022-03-03,2,"None",439
2022-03-03,3,"None",993
2022-03-03,4,"None",127
2022-03-03,5,"None",5
2022-03-04,1,"None",261
2022-03-04,2,"None",357
2022-03-04,3,"None",955
2022-03-04,4,"None",213
2022-03-04,5,"None",5
2022-03-05,1,"None",199
2022-03-05,2,"None",496
2022-03-05,3,"None",1005
2022-03-05,4,"None",147
2022-03-06,1,"None",171
2022-03-06,2,"None",372
2022-03-06,3,"None",937
2022-03-06,4,"None",59
2022-03-07,1,"None",200
2022-03-07,2,"None",611
2022-03-07,3,"None",797
2022-03-07,4,"None",280
2022-03-07,5,"None",5
2022-03-08,1,"None",190
2022-03-08,2,"None",649
2022-03-08,3,"None",1338
2022-03-08,4,"None",318
2022-03-09,1,"None",242
2022-03-09,2,"None",618
2022-03-09,3,"None",1030
2022-03-09,4,"None",261
2022-03-09,5,"None",5
2022-03-10,1,"None",189
2022-03-10,2,"None",479
2022-03-10,3,"None",883
2022-03-10,4,"None",332
2022-03-10,5,"None",5
2022-03-11,1,"None",232
2022-03-11,2,"None",441
2022-03-11,3,"None",887
2022-03-11,4,"None",249
2022-03-12,1,"None",340
2022-03-12,2,"None",635
2022-03-12,3,"None",674
2022-03-12,4,"None",120
2022-03-13,1,"None",286
2022-03-13,2,"None",948
2022-03-13,3,"None",566
2022-03-13,4,"None",100
2022-03-14,1,"None",201
2022-03-14,2,"None",392
2022-03-14,3,"None",691
2022-03-14,4,"None",356
2022-03-14,5,"None",5
2022-03-15,1,"None",200
2022-03-15,2,"None",417
2022-03-15,3,"None",873
2022-03-15,4,"None",278
2022-03-15,5,"None",5
2022-03-16,1,"None",211
2022-03-16,2,"None",494
2022-03-16,3,"None",776
2022-03-16,4,"None",359
2022-03-16,5,"None",5
2022-03-17,1,"None",186
2022-03-17,2,"None",404
2022-03-17,3,"None",622
2022-03-17,4,"None",346
2022-03-18,1,"None",195
2022-03-18,2,"None",429
2022-03-18,3,"None",682
2022-03-18,4,"None",300
2022-03-19,1,"None",1223
2022-03-19,2,"None",390
2022-03-19,3,"None",376
2022-03-19,4,"None",74
2022-03-20,1,"None",1162
2022-03-20,2,"None",333
2022-03-20,3,"None",367
2022-03-20,4,"None",94
2022-03-21,1,"None",465
2022-03-21,2,"None",336
2022-03-21,3,"None",529
2022-03-21,4,"None",492
2022-03-22,1,"None",419
2022-03-22,2,"None",345
2022-03-22,3,"None",584
2022-03-22,4,"None",589
2022-03-22,5,"None",5
2022-03-23,1,"None",471
2022-03-23,2,"None",389
2022-03-23,3,"None",682
2022-03-23,4,"None",812
2022-03-23,5,"None",5
2022-03-24,1,"None",585
2022-03-24,2,"None",376
2022-03-24,3,"None",625
2022-03-24,4,"None",870
2022-03-24,5,"None",5
2022-03-25,1,"None",587
2022-03-25,2,"None",369
2022-03-25,3,"None",695
2022-03-25,4,"None",526
2022-03-26,1,"None",1763
2022-03-26,2,"None",402
2022-03-26,3,"None",305
2022-03-26,4,"None",259
2022-03-26,5,"None",5
2022-03-27,1,"None",1690
2022-03-27,2,"None",269
2022-03-27,3,"None",265
2022-03-27,4,"None",215
2022-03-28,1,"None",386
2022-03-28,2,"None",428
2022-03-28,3,"None",581
2022-03-28,4,"None",2884
2022-03-28,5,"None",6
2022-03-29,1,"None",379
2022-03-29,2,"None",406
2022-03-29,3,"None",546
2022-03-29,4,"None",3109
2022-03-29,5,"None",6
2022-03-30,1,"None",494
2022-03-30,2,"None",433
2022-03-30,3,"None",602
2022-03-30,4,"None",3771
2022-03-30,5,"None",5
2022-03-31,1,"None",378
2022-03-31,2,"None",482
2022-03-31,3,"None",554
2022-03-31,4,"None",3369
2022-03-31,5,"None",6
2022-04-01,1,"None",335
2022-04-01,2,"None",385
2022-04-01,3,"None",529
2022-04-01,4,"None",2816
2022-04-01,5,"None",5
2022-04-02,1,"None",1518
2022-04-02,2,"None",478
2022-04-02,3,"None",323
2022-04-02,4,"None",1534
2022-04-02,5,"None",5
2022-04-03,1,"None",1169
2022-04-03,2,"None",352
2022-04-03,3,"None",392
2022-04-03,4,"None",814
2022-04-03,5,"None",5
2022-04-04,1,"None",745
2022-04-04,2,"None",376
2022-04-04,3,"None",502
2022-04-04,4,"None",2669
2022-04-04,5,"None",5
2022-04-05,1,"None",812
2022-04-05,2,"None",300
2022-04-05,3,"None",535
2022-04-05,4,"None",2824
2022-04-05,5,"None",5
2022-04-06,1,"None",813
2022-04-06,2,"None",360
2022-04-06,3,"None",493
2022-04-06,4,"None",2523
2022-04-06,5,"None",5
2022-04-07,1,"None",725
2022-04-07,2,"None",413
2022-04-07,3,"None",527
2022-04-07,4,"None",2559
2022-04-07,5,"None",5
2022-04-08,1,"None",785
2022-04-08,2,"None",363
2022-04-08,3,"None",573
2022-04-08,4,"None",4782
2022-04-08,5,"None",20
2022-04-09,1,"None",1592
2022-04-09,2,"None",502
2022-04-09,3,"None",387
2022-04-09,4,"None",3591
2022-04-09,5,"None",12
2022-04-10,1,"None",1183
2022-04-10,2,"None",329
2022-04-10,3,"None",390
2022-04-10,4,"None",1737
2022-04-10,5,"None",16
2022-04-11,1,"None",547
2022-04-11,2,"None",499
2022-04-11,3,"None",709
2022-04-11,4,"None",6279
2022-04-11,5,"None",15
2022-04-12,1,"None",472
2022-04-12,2,"None",466
2022-04-12,3,"None",719
2022-04-12,4,"None",6686
2022-04-12,5,"None",47
2022-04-12,6,"None",5
2022-04-13,1,"None",506
2022-04-13,2,"None",444
2022-04-13,3,"None",740
2022-04-13,4,"None",6195
2022-04-13,5,"None",41
2022-04-14,1,"None",528
2022-04-14,2,"None",597
2022-04-14,3,"None",723
2022-04-14,4,"None",6282
2022-04-14,5,"None",34
2022-04-15,1,"None",331
2022-04-15,2,"None",257
2022-04-15,3,"None",311
2022-04-15,4,"None",2270
2022-04-15,5,"None",11
2022-04-16,1,"None",662
2022-04-16,2,"None",359
2022-04-16,3,"None",375
2022-04-16,4,"None",2563
2022-04-16,5,"None",16
2022-04-17,1,"None",122
2022-04-17,2,"None",150
2022-04-17,3,"None",126
2022-04-17,4,"None",1753
2022-04-17,5,"None",5
2022-04-18,1,"None",171
2022-04-18,2,"None",138
2022-04-18,3,"None",191
2022-04-18,4,"None",1974
2022-04-18,5,"None",13
2022-04-19,1,"None",518
2022-04-19,2,"None",521
2022-04-19,3,"None",764
2022-04-19,4,"None",5543
2022-04-19,5,"None",111
2022-04-20,1,"None",495
2022-04-20,2,"None",520
2022-04-20,3,"None",697
2022-04-20,4,"None",5452
2022-04-20,5,"None",117
2022-04-20,6,"None",5
2022-04-21,1,"None",509
2022-04-21,2,"None",478
2022-04-21,3,"None",743
2022-04-21,4,"None",6003
2022-04-21,5,"None",88
2022-04-22,1,"None",564
2022-04-22,2,"None",409
2022-04-22,3,"None",647
2022-04-22,4,"None",5678
2022-04-22,5,"None",99
2022-04-23,1,"None",1275
2022-04-23,2,"None",501
2022-04-23,3,"None",604
2022-04-23,4,"None",4677
2022-04-23,5,"None",73
2022-04-24,1,"None",970
2022-04-24,2,"None",327
2022-04-24,3,"None",480
2022-04-24,4,"None",2887
2022-04-24,5,"None",66
2022-04-25,1,"None",445
2022-04-25,2,"None",443
2022-04-25,3,"None",732
2022-04-25,4,"None",5377
2022-04-25,5,"None",234
2022-04-26,1,"None",504
2022-04-26,2,"None",374
2022-04-26,3,"None",1018
2022-04-26,4,"None",6134
2022-04-26,5,"None",328
2022-04-26,6,"None",5
2022-04-27,1,"None",321
2022-04-27,2,"None",347
2022-04-27,3,"None",615
2022-04-27,4,"None",6052
2022-04-27,5,"None",252
2022-04-28,1,"None",192
2022-04-28,2,"None",278
2022-04-28,3,"None",470
2022-04-28,4,"None",3025
2022-04-28,5,"None",129
2022-04-29,1,"None",342
2022-04-29,2,"None",402
2022-04-29,3,"None",581
2022-04-29,4,"None",4199
2022-04-29,5,"None",201
2022-04-30,1,"None",816
2022-04-30,2,"None",561
2022-04-30,3,"None",523
2022-04-30,4,"None",2735
2022-04-30,5,"None",93
2022-05-01,1,"None",552
2022-05-01,2,"None",250
2022-05-01,3,"None",296
2022-05-01,4,"None",1344
2022-05-01,5,"None",49
2022-05-02,1,"None",286
2022-05-02,2,"None",152
2022-05-02,3,"None",293
2022-05-02,4,"None",1562
2022-05-02,5,"None",94
2022-05-03,1,"None",505
2022-05-03,2,"None",358
2022-05-03,3,"None",581
2022-05-03,4,"None",4248
2022-05-03,5,"None",160
2022-05-04,1,"None",337
2022-05-04,2,"None",333
2022-05-04,3,"None",635
2022-05-04,4,"None",5345
2022-05-04,5,"None",212
2022-05-04,6,"None",5
2022-05-05,1,"None",381
2022-05-05,2,"None",382
2022-05-05,3,"None",566
2022-05-05,4,"None",4565
2022-05-05,5,"None",146
2022-05-06,1,"None",400
2022-05-06,2,"None",294
2022-05-06,3,"None",559
2022-05-06,4,"None",4709
2022-05-06,5,"None",140
2022-05-07,1,"None",1131
2022-05-07,2,"None",794
2022-05-07,3,"None",458
2022-05-07,4,"None",2591
2022-05-07,5,"None",140
2022-05-07,6,"None",5
2022-05-08,1,"None",502
2022-05-08,2,"None",511
2022-05-08,3,"None",336
2022-05-08,4,"None",1357
2022-05-08,5,"None",178
2022-05-08,6,"None",5
2022-05-09,1,"None",310
2022-05-09,2,"None",274
2022-05-09,3,"None",547
2022-05-09,4,"None",3462
2022-05-09,5,"None",582
2022-05-09,6,"None",5
2022-05-10,1,"None",411
2022-05-10,2,"None",276
2022-05-10,3,"None",585
2022-05-10,4,"None",3784
2022-05-10,5,"None",526
2022-05-10,6,"None",5
2022-05-11,1,"None",225
2022-05-11,2,"None",283
2022-05-11,3,"None",565
2022-05-11,4,"None",3421
2022-05-11,5,"None",310
2022-05-12,1,"None",178
2022-05-12,2,"None",272
2022-05-12,3,"None",498
2022-05-12,4,"None",3174
2022-05-12,5,"None",331
2022-05-12,6,"None",5
2022-05-13,1,"None",180
2022-05-13,2,"None",281
2022-05-13,3,"None",532
2022-05-13,4,"None",3051
2022-05-13,5,"None",273
2022-05-13,6,"None",5
2022-05-14,1,"None",542
2022-05-14,2,"None",375
2022-05-14,3,"None",351
2022-05-14,4,"None",1420
2022-05-14,5,"None",130
2022-05-14,6,"None",5
2022-05-15,1,"None",407
2022-05-15,2,"None",243
2022-05-15,3,"None",333
2022-05-15,4,"None",1086
2022-05-15,5,"None",142
2022-05-16,1,"None",190
2022-05-16,2,"None",231
2022-05-16,3,"None",469
2022-05-16,4,"None",2099
2022-05-16,5,"None",152
2022-05-17,1,"None",160
2022-05-17,2,"None",230
2022-05-17,3,"None",421
2022-05-17,4,"None",2779
2022-05-17,5,"None",132
2022-05-18,1,"None",205
2022-05-18,2,"None",254
2022-05-18,3,"None",489
2022-05-18,4,"None",3348
2022-05-18,5,"None",238
2022-05-19,1,"None",215
2022-05-19,2,"None",363
2022-05-19,3,"None",548
2022-05-19,4,"None",2250
2022-05-19,5,"None",308
2022-05-20,1,"None",252
2022-05-20,2,"None",343
2022-05-20,3,"None",494
2022-05-20,4,"None",1741
2022-05-20,5,"None",220
2022-05-20,6,"None",5
2022-05-21,1,"None",372
2022-05-21,2,"None",312
2022-05-21,3,"None",459
2022-05-21,4,"None",1110
2022-05-21,5,"None",137
2022-05-22,1,"None",289
2022-05-22,2,"None",205
2022-05-22,3,"None",252
2022-05-22,4,"None",750
2022-05-22,5,"None",96
2022-05-23,1,"None",134
2022-05-23,2,"None",221
2022-05-23,3,"None",403
2022-05-23,4,"None",1466
2022-05-23,5,"None",127
2022-05-23,6,"None",5
2022-05-24,1,"None",121
2022-05-24,2,"None",209
2022-05-24,3,"None",368
2022-05-24,4,"None",1716
2022-05-24,5,"None",85
2022-05-25,1,"None",135
2022-05-25,2,"None",223
2022-05-25,3,"None",462
2022-05-25,4,"None",1623
2022-05-25,5,"None",149
2022-05-25,6,"None",5
2022-05-26,1,"None",179
2022-05-26,2,"None",269
2022-05-26,3,"None",458
2022-05-26,4,"None",1567
2022-05-26,5,"None",169
2022-05-26,6,"None",5
2022-05-27,1,"None",148
2022-05-27,2,"None",218
2022-05-27,3,"None",436
2022-05-27,4,"None",1303
2022-05-27,5,"None",135
2022-05-28,1,"None",421
2022-05-28,2,"None",293
2022-05-28,3,"None",317
2022-05-28,4,"None",548
2022-05-28,5,"None",162
2022-05-28,6,"None",5
2022-05-29,1,"None",313
2022-05-29,2,"None",242
2022-05-29,3,"None",237
2022-05-29,4,"None",369
2022-05-29,5,"None",210
2022-05-30,1,"None",151
2022-05-30,2,"None",248
2022-05-30,3,"None",444
2022-05-30,4,"None",1450
2022-05-30,5,"None",177
2022-05-31,1,"None",174
2022-05-31,2,"None",219
2022-05-31,3,"None",483
2022-05-31,4,"None",1643
2022-05-31,5,"None",212
2022-05-31,6,"None",5
2022-06-01,1,"None",173
2022-06-01,2,"None",290
2022-06-01,3,"None",439
2022-06-01,4,"None",1517
2022-06-01,5,"None",144
2022-06-02,1,"None",90
2022-06-02,2,"None",159
2022-06-02,3,"None",198
2022-06-02,4,"None",243
2022-06-02,5,"None",42
2022-06-03,1,"None",6
2022-06-03,2,"None",20
2022-06-03,3,"None",14
2022-06-03,4,"None",25
2022-06-04,1,"None",258
2022-06-04,2,"None",159
2022-06-04,3,"None",354
2022-06-04,4,"None",188
2022-06-04,5,"None",62
2022-06-05,1,"None",187
2022-06-05,2,"None",164
2022-06-05,3,"None",231
2022-06-05,4,"None",144
2022-06-05,5,"None",91
2022-06-06,1,"None",109
2022-06-06,2,"None",258
2022-06-06,3,"None",312
2022-06-06,4,"None",777
2022-06-06,5,"None",100
2022-06-06,6,"None",5
2022-06-07,1,"None",125
2022-06-07,2,"None",241
2022-06-07,3,"None",318
2022-06-07,4,"None",838
2022-06-07,5,"None",176
2022-06-07,6,"None",5
2022-06-08,1,"None",109
2022-06-08,2,"None",253
2022-06-08,3,"None",357
2022-06-08,4,"None",1001
2022-06-08,5,"None",200
2022-06-09,1,"None",130
2022-06-09,2,"None",311
2022-06-09,3,"None",454
2022-06-09,4,"None",1037
2022-06-09,5,"None",254
2022-06-09,6,"None",5
2022-06-10,1,"None",95
2022-06-10,2,"None",227
2022-06-10,3,"None",538
2022-06-10,4,"None",674
2022-06-10,5,"None",284
2022-06-10,6,"None",5
2022-06-11,1,"None",384
2022-06-11,2,"None",470
2022-06-11,3,"None",464
2022-06-11,4,"None",343
2022-06-11,5,"None",160
2022-06-12,1,"None",195
2022-06-12,2,"None",317
2022-06-12,3,"None",393
2022-06-12,4,"None",267
2022-06-12,5,"None",96
2022-06-12,6,"None",5
2022-06-13,1,"None",77
2022-06-13,2,"None",174
2022-06-13,3,"None",418
2022-06-13,4,"None",529
2022-06-13,5,"None",84
2022-06-13,6,"None",5
2022-06-14,1,"None",99
2022-06-14,2,"None",168
2022-06-14,3,"None",317
2022-06-14,4,"None",582
2022-06-14,5,"None",144
2022-06-14,6,"None",5
2022-06-15,1,"None",127
2022-06-15,2,"None",193
2022-06-15,3,"None",440
2022-06-15,4,"None",766
2022-06-15,5,"None",198
2022-06-15,6,"None",5
2022-06-16,1,"None",166
2022-06-16,2,"None",275
2022-06-16,3,"None",380
2022-06-16,4,"None",573
2022-06-16,5,"None",244
2022-06-16,6,"None",5
2022-06-17,1,"None",256
2022-06-17,2,"None",247
2022-06-17,3,"None",309
2022-06-17,4,"None",813
2022-06-17,5,"None",276
2022-06-18,1,"None",911
2022-06-18,2,"None",1268
2022-06-18,3,"None",260
2022-06-18,4,"None",399
2022-06-18,5,"None",432
2022-06-19,1,"None",443
2022-06-19,2,"None",1012
2022-06-19,3,"None",145
2022-06-19,4,"None",132
2022-06-19,5,"None",190
2022-06-19,6,"None",5
2022-06-20,1,"None",292
2022-06-20,2,"None",198
2022-06-20,3,"None",259
2022-06-20,4,"None",506
2022-06-20,5,"None",180
2022-06-20,6,"None",5
2022-06-21,1,"None",329
2022-06-21,2,"None",279
2022-06-21,3,"None",282
2022-06-21,4,"None",518
2022-06-21,5,"None",176
2022-06-22,1,"None",286
2022-06-22,2,"None",248
2022-06-22,3,"None",333
2022-06-22,4,"None",486
2022-06-22,5,"None",250
2022-06-22,6,"None",5
2022-06-23,1,"None",333
2022-06-23,2,"None",395
2022-06-23,3,"None",321
2022-06-23,4,"None",424
2022-06-23,5,"None",156
2022-06-23,6,"None",5
2022-06-24,1,"None",199
2022-06-24,2,"None",207
2022-06-24,3,"None",313
2022-06-24,4,"None",366
2022-06-24,5,"None",203
2022-06-24,6,"None",5
2022-06-25,1,"None",827
2022-06-25,2,"None",1071
2022-06-25,3,"None",257
2022-06-25,4,"None",192
2022-06-25,5,"None",160
2022-06-25,6,"None",5
2022-06-26,1,"None",538
2022-06-26,2,"None",782
2022-06-26,3,"None",211
2022-06-26,4,"None",104
2022-06-26,5,"None",38
2022-06-27,1,"None",294
2022-06-27,2,"None",336
2022-06-27,3,"None",304
2022-06-27,4,"None",367
2022-06-27,5,"None",163
2022-06-27,6,"None",5
2022-06-28,1,"None",295
2022-06-28,2,"None",293
2022-06-28,3,"None",247
2022-06-28,4,"None",355
2022-06-28,5,"None",156
2022-06-29,1,"None",262
2022-06-29,2,"None",281
2022-06-29,3,"None",287
2022-06-29,4,"None",560
2022-06-29,5,"None",187
2022-06-29,6,"None",5
2022-06-30,1,"None",319
2022-06-30,2,"None",372
2022-06-30,3,"None",371
2022-06-30,4,"None",714
2022-06-30,5,"None",275
2022-07-01,1,"None",130
2022-07-01,2,"None",188
2022-07-01,3,"None",326
2022-07-01,4,"None",212
2022-07-01,5,"None",46
2022-07-02,1,"None",464
2022-07-02,2,"None",879
2022-07-02,3,"None",210
2022-07-02,4,"None",91
2022-07-02,5,"None",50
2022-07-03,1,"None",186
2022-07-03,2,"None",580
2022-07-03,3,"None",173
2022-07-03,4,"None",59
2022-07-03,5,"None",48
2022-07-04,1,"None",190
2022-07-04,2,"None",422
2022-07-04,3,"None",302
2022-07-04,4,"None",211
2022-07-04,5,"None",51
2022-07-05,1,"None",193
2022-07-05,2,"None",402
2022-07-05,3,"None",302
2022-07-05,4,"None",163
2022-07-05,5,"None",39
2022-07-06,1,"None",187
2022-07-06,2,"None",386
2022-07-06,3,"None",243
2022-07-06,4,"None",190
2022-07-06,5,"None",47
2022-07-07,1,"None",142
2022-07-07,2,"None",395
2022-07-07,3,"None",379
2022-07-07,4,"None",323
2022-07-07,5,"None",29
2022-07-08,1,"None",120
2022-07-08,2,"None",313
2022-07-08,3,"None",260
2022-07-08,4,"None",181
2022-07-08,5,"None",38
2022-07-08,6,"None",5
2022-07-09,1,"None",460
2022-07-09,2,"None",800
2022-07-09,3,"None",214
2022-07-09,4,"None",82
2022-07-09,5,"None",20
2022-07-10,1,"None",147
2022-07-10,2,"None",303
2022-07-10,3,"None",101
2022-07-10,4,"None",61
2022-07-10,5,"None",13
2022-07-11,1,"None",106
2022-07-11,2,"None",235
2022-07-11,3,"None",183
2022-07-11,4,"None",143
2022-07-11,5,"None",31
2022-07-12,1,"None",178
2022-07-12,2,"None",434
2022-07-12,3,"None",228
2022-07-12,4,"None",208
2022-07-12,5,"None",44
2022-07-13,1,"None",101
2022-07-13,2,"None",373
2022-07-13,3,"None",317
2022-07-13,4,"None",272
2022-07-13,5,"None",46
2022-07-14,1,"None",158
2022-07-14,2,"None",469
2022-07-14,3,"None",261
2022-07-14,4,"None",228
2022-07-14,5,"None",32
2022-07-15,1,"None",96
2022-07-15,2,"None",282
2022-07-15,3,"None",254
2022-07-15,4,"None",164
2022-07-15,5,"None",30
2022-07-16,1,"None",444
2022-07-16,2,"None",780
2022-07-16,3,"None",154
2022-07-16,4,"None",91
2022-07-16,5,"None",23
2022-07-17,1,"None",108
2022-07-17,2,"None",282
2022-07-17,3,"None",109
2022-07-17,4,"None",48
2022-07-17,5,"None",13
2022-07-18,1,"None",131
2022-07-18,2,"None",287
2022-07-18,3,"None",174
2022-07-18,4,"None",98
2022-07-18,5,"None",18
2022-07-19,1,"None",90
2022-07-19,2,"None",260
2022-07-19,3,"None",168
2022-07-19,4,"None",110
2022-07-19,5,"None",16
2022-07-20,1,"None",186
2022-07-20,2,"None",305
2022-07-20,3,"None",288
2022-07-20,4,"None",159
2022-07-20,5,"None",25
2022-07-21,1,"None",186
2022-07-21,2,"None",349
2022-07-21,3,"None",256
2022-07-21,4,"None",151
2022-07-21,5,"None",22
2022-07-22,1,"None",181
2022-07-22,2,"None",627
2022-07-22,3,"None",199
2022-07-22,4,"None",130
2022-07-22,5,"None",21
2022-07-23,1,"None",404
2022-07-23,2,"None",651
2022-07-23,3,"None",193
2022-07-23,4,"None",38
2022-07-23,5,"None",9
2022-07-24,1,"None",79
2022-07-24,2,"None",369
2022-07-24,3,"None",104
2022-07-24,4,"None",21
2022-07-24,5,"None",6
2022-07-25,1,"None",95
2022-07-25,2,"None",281
2022-07-25,3,"None",151
2022-07-25,4,"None",72
2022-07-25,5,"None",28
2022-07-26,1,"None",142
2022-07-26,2,"None",358
2022-07-26,3,"None",190
2022-07-26,4,"None",132
2022-07-26,5,"None",9
2022-07-27,1,"None",227
2022-07-27,2,"None",328
2022-07-27,3,"None",233
2022-07-27,4,"None",122
2022-07-27,5,"None",27
2022-07-28,1,"None",183
2022-07-28,2,"None",287
2022-07-28,3,"None",221
2022-07-28,4,"None",108
2022-07-28,5,"None",14
2022-07-29,1,"None",136
2022-07-29,2,"None",551
2022-07-29,3,"None",182
2022-07-29,4,"None",89
2022-07-29,5,"None",19
2022-07-30,1,"None",292
2022-07-30,2,"None",520
2022-07-30,3,"None",160
2022-07-30,4,"None",30
2022-07-30,5,"None",12
2022-07-31,1,"None",127
2022-07-31,2,"None",311
2022-07-31,3,"None",69
2022-07-31,4,"None",17
2022-07-31,5,"None",5
2022-08-01,1,"None",126
2022-08-01,2,"None",284
2022-08-01,3,"None",188
2022-08-01,4,"None",40
2022-08-01,5,"None",5
2022-08-02,1,"None",152
2022-08-02,2,"None",419
2022-08-02,3,"None",144
2022-08-02,4,"None",56
2022-08-02,5,"None",5
2022-08-03,1,"None",170
2022-08-03,2,"None",237
2022-08-03,3,"None",234
2022-08-03,4,"None",70
2022-08-03,5,"None",13
2022-08-04,1,"None",143
2022-08-04,2,"None",246
2022-08-04,3,"None",184
2022-08-04,4,"None",46
2022-08-04,5,"None",11
2022-08-05,1,"None",187
2022-08-05,2,"None",328
2022-08-05,3,"None",169
2022-08-05,4,"None",45
2022-08-05,5,"None",5
2022-08-06,1,"None",342
2022-08-06,2,"None",393
2022-08-06,3,"None",142
2022-08-06,4,"None",29
2022-08-06,5,"None",5
2022-08-07,1,"None",152
2022-08-07,2,"None",268
2022-08-07,3,"None",58
2022-08-07,4,"None",12
2022-08-07,5,"None",5
2022-08-08,1,"None",107
2022-08-08,2,"None",230
2022-08-08,3,"None",192
2022-08-08,4,"None",35
2022-08-08,5,"None",8
2022-08-09,1,"None",204
2022-08-09,2,"None",275
2022-08-09,3,"None",186
2022-08-09,4,"None",45
2022-08-09,5,"None",6
2022-08-10,1,"None",137
2022-08-10,2,"None",188
2022-08-10,3,"None",198
2022-08-10,4,"None",43
2022-08-10,5,"None",11
2022-08-11,1,"None",127
2022-08-11,2,"None",153
2022-08-11,3,"None",178
2022-08-11,4,"None",33
2022-08-11,5,"None",5
2022-08-12,1,"None",120
2022-08-12,2,"None",142
2022-08-12,3,"None",134
2022-08-12,4,"None",30
2022-08-12,5,"None",8
2022-08-13,1,"None",253
2022-08-13,2,"None",494
2022-08-13,3,"None",101
2022-08-13,4,"None",14
2022-08-13,5,"None",5
2022-08-14,1,"None",127
2022-08-14,2,"None",168
2022-08-14,3,"None",72
2022-08-14,4,"None",8
2022-08-14,5,"None",5
2022-08-15,1,"None",216
2022-08-15,2,"None",154
2022-08-15,3,"None",179
2022-08-15,4,"None",25
2022-08-15,5,"None",5
2022-08-16,1,"None",162
2022-08-16,2,"None",208
2022-08-16,3,"None",141
2022-08-16,4,"None",29
2022-08-16,5,"None",10
2022-08-17,1,"None",118
2022-08-17,2,"None",139
2022-08-17,3,"None",186
2022-08-17,4,"None",19
2022-08-17,5,"None",9
2022-08-18,1,"None",106
2022-08-18,2,"None",147
2022-08-18,3,"None",180
2022-08-18,4,"None",29
2022-08-18,5,"None",5
2022-08-19,1,"None",78
2022-08-19,2,"None",108
2022-08-19,3,"None",131
2022-08-19,4,"None",21
2022-08-19,5,"None",8
2022-08-20,1,"None",240
2022-08-20,2,"None",561
2022-08-20,3,"None",151
2022-08-20,4,"None",16
2022-08-20,5,"None",5
2022-08-21,1,"None",83
2022-08-21,2,"None",229
2022-08-21,3,"None",80
2022-08-21,4,"None",5
2022-08-21,5,"None",5
2022-08-22,1,"None",130
2022-08-22,2,"None",141
2022-08-22,3,"None",152
2022-08-22,4,"None",13
2022-08-22,5,"None",5
2022-08-23,1,"None",284
2022-08-23,2,"None",96
2022-08-23,3,"None",119
2022-08-23,4,"None",10
2022-08-23,5,"None",5
2022-08-24,1,"None",157
2022-08-24,2,"None",108
2022-08-24,3,"None",149
2022-08-24,4,"None",16
2022-08-24,5,"None",5
2022-08-25,1,"None",174
2022-08-25,2,"None",115
2022-08-25,3,"None",102
2022-08-25,4,"None",15
2022-08-25,5,"None",5
2022-08-26,1,"None",100
2022-08-26,2,"None",80
2022-08-26,3,"None",134
2022-08-26,4,"None",16
2022-08-26,5,"None",5
2022-08-27,1,"None",214
2022-08-27,2,"None",437
2022-08-27,3,"None",85
2022-08-27,4,"None",7
2022-08-27,5,"None",5
2022-08-28,1,"None",100
2022-08-28,2,"None",244
2022-08-28,3,"None",62
2022-08-28,4,"None",5
2022-08-29,1,"None",41
2022-08-29,2,"None",57
2022-08-29,3,"None",82
2022-08-29,4,"None",8
2022-08-30,1,"None",249
2022-08-30,2,"None",73
2022-08-30,3,"None",155
2022-08-30,4,"None",12
2022-08-30,5,"None",5
2022-08-31,1,"None",203
2022-08-31,2,"None",107
2022-08-31,3,"None",171
2022-08-31,4,"None",13
2022-08-31,5,"None",7
2022-09-01,1,"None",135
2022-09-01,2,"None",195
2022-09-01,3,"None",157
2022-09-01,4,"None",1224
2022-09-01,5,"None",606
2022-09-01,6,"None",141
2022-09-02,1,"None",159
2022-09-02,2,"None",156
2022-09-02,3,"None",138
2022-09-02,4,"None",988
2022-09-02,5,"None",681
2022-09-02,6,"None",166
2022-09-03,1,"None",264
2022-09-03,2,"None",535
2022-09-03,3,"None",118
2022-09-03,4,"None",635
2022-09-03,5,"None",458
2022-09-03,6,"None",95
2022-09-04,1,"None",75
2022-09-04,2,"None",221
2022-09-04,3,"None",107
2022-09-04,4,"None",634
2022-09-04,5,"None",282
2022-09-04,6,"None",60
2022-09-04,7,"None",5
2022-09-05,1,"None",202
2022-09-05,2,"None",257
2022-09-05,3,"None",155
2022-09-05,4,"None",3379
2022-09-05,5,"None",1779
2022-09-05,6,"None",460
2022-09-05,7,"None",5
2022-09-06,1,"None",181
2022-09-06,2,"None",193
2022-09-06,3,"None",180
2022-09-06,4,"None",3225
2022-09-06,5,"None",1882
2022-09-06,6,"None",481
2022-09-06,7,"None",5
2022-09-07,1,"None",205
2022-09-07,2,"None",195
2022-09-07,3,"None",193
2022-09-07,4,"None",2996
2022-09-07,5,"None",1789
2022-09-07,6,"None",391
2022-09-07,7,"None",5
2022-09-08,1,"None",243
2022-09-08,2,"None",247
2022-09-08,3,"None",251
2022-09-08,4,"None",3274
2022-09-08,5,"None",2598
2022-09-08,6,"None",162
2022-09-08,7,"None",5
2022-09-09,1,"None",243
2022-09-09,2,"None",269
2022-09-09,3,"None",225
2022-09-09,4,"None",2989
2022-09-09,5,"None",2695
2022-09-09,6,"None",129
2022-09-09,7,"None",5
2022-09-10,1,"None",287
2022-09-10,2,"None",273
2022-09-10,3,"None",185
2022-09-10,4,"None",2951
2022-09-10,5,"None",3106
2022-09-10,6,"None",122
2022-09-11,1,"None",128
2022-09-11,2,"None",118
2022-09-11,3,"None",80
2022-09-11,4,"None",1261
2022-09-11,5,"None",1618
2022-09-11,6,"None",110
2022-09-11,7,"None",5
2022-09-12,1,"None",215
2022-09-12,2,"None",192
2022-09-12,3,"None",187
2022-09-12,4,"None",2605
2022-09-12,5,"None",1639
2022-09-12,6,"None",143
2022-09-12,7,"None",5
2022-09-13,1,"None",202
2022-09-13,2,"None",182
2022-09-13,3,"None",186
2022-09-13,4,"None",3001
2022-09-13,5,"None",2122
2022-09-13,6,"None",180
2022-09-13,7,"None",5
2022-09-14,1,"None",189
2022-09-14,2,"None",169
2022-09-14,3,"None",169
2022-09-14,4,"None",2838
2022-09-14,5,"None",2277
2022-09-14,6,"None",122
2022-09-15,1,"None",211
2022-09-15,2,"None",217
2022-09-15,3,"None",193
2022-09-15,4,"None",3046
2022-09-15,5,"None",2196
2022-09-15,6,"None",111
2022-09-15,7,"None",5
2022-09-16,1,"None",189
2022-09-16,2,"None",168
2022-09-16,3,"None",161
2022-09-16,4,"None",3159
2022-09-16,5,"None",2463
2022-09-16,6,"None",132
2022-09-17,1,"None",212
2022-09-17,2,"None",252
2022-09-17,3,"None",141
2022-09-17,4,"None",1832
2022-09-17,5,"None",1700
2022-09-17,6,"None",202
2022-09-18,1,"None",104
2022-09-18,2,"None",351
2022-09-18,3,"None",65
2022-09-18,4,"None",1216
2022-09-18,5,"None",944
2022-09-18,6,"None",123
2022-09-19,1,"None",102
2022-09-19,2,"None",110
2022-09-19,3,"None",148
2022-09-19,4,"None",2121
2022-09-19,5,"None",2776
2022-09-19,6,"None",55
2022-09-20,1,"None",241
2022-09-20,2,"None",214
2022-09-20,3,"None",215
2022-09-20,4,"None",4917
2022-09-20,5,"None",5194
2022-09-20,6,"None",173
2022-09-21,1,"None",270
2022-09-21,2,"None",228
2022-09-21,3,"None",248
2022-09-21,4,"None",5235
2022-09-21,5,"None",5536
2022-09-21,6,"None",208
2022-09-21,7,"None",5
2022-09-22,1,"None",260
2022-09-22,2,"None",240
2022-09-22,3,"None",214
2022-09-22,4,"None",5180
2022-09-22,5,"None",5059
2022-09-22,6,"None",179
2022-09-23,1,"None",244
2022-09-23,2,"None",199
2022-09-23,3,"None",229
2022-09-23,4,"None",5075
2022-09-23,5,"None",5764
2022-09-23,6,"None",212
2022-09-24,1,"None",292
2022-09-24,2,"None",451
2022-09-24,3,"None",221
2022-09-24,4,"None",6196
2022-09-24,5,"None",5625
2022-09-24,6,"None",192
2022-09-24,7,"None",5
2022-09-25,1,"None",181
2022-09-25,2,"None",233
2022-09-25,3,"None",151
2022-09-25,4,"None",2826
2022-09-25,5,"None",3497
2022-09-25,6,"None",89
2022-09-26,1,"None",242
2022-09-26,2,"None",174
2022-09-26,3,"None",180
2022-09-26,4,"None",4466
2022-09-26,5,"None",3868
2022-09-26,6,"None",120
2022-09-27,1,"None",354
2022-09-27,2,"None",312
2022-09-27,3,"None",260
2022-09-27,4,"None",5953
2022-09-27,5,"None",5759
2022-09-27,6,"None",213
2022-09-28,1,"None",322
2022-09-28,2,"None",280
2022-09-28,3,"None",238
2022-09-28,4,"None",5856
2022-09-28,5,"None",5068
2022-09-28,6,"None",190
2022-09-28,7,"None",5
2022-09-29,1,"None",296
2022-09-29,2,"None",260
2022-09-29,3,"None",232
2022-09-29,4,"None",7349
2022-09-29,5,"None",5526
2022-09-29,6,"None",188
2022-09-30,1,"None",245
2022-09-30,2,"None",184
2022-09-30,3,"None",198
2022-09-30,4,"None",6038
2022-09-30,5,"None",3936
2022-09-30,6,"None",130
2022-10-01,1,"None",356
2022-10-01,2,"None",484
2022-10-01,3,"None",176
2022-10-01,4,"None",8921
2022-10-01,5,"None",4919
2022-10-01,6,"None",162
2022-10-02,1,"None",197
2022-10-02,2,"None",280
2022-10-02,3,"None",116
2022-10-02,4,"None",5185
2022-10-02,5,"None",3331
2022-10-02,6,"None",113
2022-10-03,1,"None",275
2022-10-03,2,"None",231
2022-10-03,3,"None",214
2022-10-03,4,"None",7193
2022-10-03,5,"None",3196
2022-10-03,6,"None",98
2022-10-04,1,"None",361
2022-10-04,2,"None",248
2022-10-04,3,"None",282
2022-10-04,4,"None",9356
2022-10-04,5,"None",3527
2022-10-04,6,"None",150
2022-10-05,1,"None",297
2022-10-05,2,"None",254
2022-10-05,3,"None",222
2022-10-05,4,"None",8664
2022-10-05,5,"None",3517
2022-10-05,6,"None",128
2022-10-06,1,"None",360
2022-10-06,2,"None",220
2022-10-06,3,"None",229
2022-10-06,4,"None",9298
2022-10-06,5,"None",3635
2022-10-06,6,"None",147
2022-10-07,1,"None",324
2022-10-07,2,"None",233
2022-10-07,3,"None",230
2022-10-07,4,"None",8822
2022-10-07,5,"None",3727
2022-10-07,6,"None",89
2022-10-07,7,"None",5
2022-10-08,1,"None",420
2022-10-08,2,"None",437
2022-10-08,3,"None",274
2022-10-08,4,"None",10835
2022-10-08,5,"None",5700
2022-10-08,6,"None",227
2022-10-08,7,"None",5
2022-10-09,1,"None",171
2022-10-09,2,"None",223
2022-10-09,3,"None",127
2022-10-09,4,"None",5669
2022-10-09,5,"None",2004
2022-10-09,6,"None",110
2022-10-09,7,"None",5
2022-10-10,1,"None",344
2022-10-10,2,"None",237
2022-10-10,3,"None",247
2022-10-10,4,"None",9410
2022-10-10,5,"None",3425
2022-10-10,6,"None",193
2022-10-11,1,"None",459
2022-10-11,2,"None",266
2022-10-11,3,"None",261
2022-10-11,4,"None",11158
2022-10-11,5,"None",3851
2022-10-11,6,"None",132
2022-10-11,7,"None",5
2022-10-12,1,"None",445
2022-10-12,2,"None",274
2022-10-12,3,"None",223
2022-10-12,4,"None",10210
2022-10-12,5,"None",3523
2022-10-12,6,"None",143
2022-10-12,7,"None",5
2022-10-13,1,"None",430
2022-10-13,2,"None",272
2022-10-13,3,"None",286
2022-10-13,4,"None",10805
2022-10-13,5,"None",3681
2022-10-13,6,"None",143
2022-10-14,1,"None",307
2022-10-14,2,"None",273
2022-10-14,3,"None",269
2022-10-14,4,"None",10013
2022-10-14,5,"None",2805
2022-10-14,6,"None",128
2022-10-15,1,"None",647
2022-10-15,2,"None",998
2022-10-15,3,"None",605
2022-10-15,4,"None",14754
2022-10-15,5,"None",5046
2022-10-15,6,"None",273
2022-10-15,7,"None",5
2022-10-16,1,"None",234
2022-10-16,2,"None",313
2022-10-16,3,"None",157
2022-10-16,4,"None",6436
2022-10-16,5,"None",1617
2022-10-16,6,"None",73
2022-10-17,1,"None",361
2022-10-17,2,"None",283
2022-10-17,3,"None",288
2022-10-17,4,"None",8760
2022-10-17,5,"None",2140
2022-10-17,6,"None",128
2022-10-18,1,"None",371
2022-10-18,2,"None",250
2022-10-18,3,"None",286
2022-10-18,4,"None",10352
2022-10-18,5,"None",2388
2022-10-18,6,"None",128
2022-10-19,1,"None",438
2022-10-19,2,"None",262
2022-10-19,3,"None",263
2022-10-19,4,"None",10373
2022-10-19,5,"None",2790
2022-10-19,6,"None",128
2022-10-19,7,"None",5
2022-10-20,1,"None",427
2022-10-20,2,"None",293
2022-10-20,3,"None",303
2022-10-20,4,"None",12287
2022-10-20,5,"None",2445
2022-10-20,6,"None",148
2022-10-21,1,"None",373
2022-10-21,2,"None",249
2022-10-21,3,"None",277
2022-10-21,4,"None",9749
2022-10-21,5,"None",2027
2022-10-21,6,"None",120
2022-10-22,1,"None",450
2022-10-22,2,"None",788
2022-10-22,3,"None",700
2022-10-22,4,"None",11890
2022-10-22,5,"None",2782
2022-10-22,6,"None",141
2022-10-23,1,"None",228
2022-10-23,2,"None",245
2022-10-23,3,"None",124
2022-10-23,4,"None",5339
2022-10-23,5,"None",1005
2022-10-23,6,"None",58
2022-10-24,1,"None",329
2022-10-24,2,"None",274
2022-10-24,3,"None",244
2022-10-24,4,"None",9393
2022-10-24,5,"None",1765
2022-10-24,6,"None",175
2022-10-24,7,"None",5
2022-10-25,1,"None",453
2022-10-25,2,"None",348
2022-10-25,3,"None",306
2022-10-25,4,"None",11751
2022-10-25,5,"None",2216
2022-10-25,6,"None",172
2022-10-26,1,"None",383
2022-10-26,2,"None",285
2022-10-26,3,"None",313
2022-10-26,4,"None",11367
2022-10-26,5,"None",1884
2022-10-26,6,"None",161
2022-10-26,7,"None",5
2022-10-27,1,"None",406
2022-10-27,2,"None",264
2022-10-27,3,"None",299
2022-10-27,4,"None",11248
2022-10-27,5,"None",1661
2022-10-27,6,"None",144
2022-10-27,7,"None",5
2022-10-28,1,"None",400
2022-10-28,2,"None",289
2022-10-28,3,"None",296
2022-10-28,4,"None",10238
2022-10-28,5,"None",1372
2022-10-28,6,"None",105
2022-10-28,7,"None",5
2022-10-29,1,"None",386
2022-10-29,2,"None",324
2022-10-29,3,"None",353
2022-10-29,4,"None",10731
2022-10-29,5,"None",1810
2022-10-29,6,"None",167
2022-10-30,1,"None",232
2022-10-30,2,"None",244
2022-10-30,3,"None",165
2022-10-30,4,"None",5991
2022-10-30,5,"None",637
2022-10-30,6,"None",61
2022-10-31,1,"None",362
2022-10-31,2,"None",192
2022-10-31,3,"None",215
2022-10-31,4,"None",8139
2022-10-31,5,"None",861
2022-10-31,6,"None",107
2022-10-31,7,"None",5
2022-11-01,1,"None",377
2022-11-01,2,"None",245
2022-11-01,3,"None",264
2022-11-01,4,"None",9664
2022-11-01,5,"None",1147
2022-11-01,6,"None",117
2022-11-02,1,"None",365
2022-11-02,2,"None",237
2022-11-02,3,"None",238
2022-11-02,4,"None",8882
2022-11-02,5,"None",1110
2022-11-02,6,"None",99
2022-11-03,1,"None",366
2022-11-03,2,"None",235
2022-11-03,3,"None",250
2022-11-03,4,"None",9777
2022-11-03,5,"None",1137
2022-11-03,6,"None",123
2022-11-04,1,"None",416
2022-11-04,2,"None",290
2022-11-04,3,"None",278
2022-11-04,4,"None",9832
2022-11-04,5,"None",1048
2022-11-04,6,"None",91
2022-11-05,1,"None",354
2022-11-05,2,"None",307
2022-11-05,3,"None",316
2022-11-05,4,"None",9757
2022-11-05,5,"None",1447
2022-11-05,6,"None",118
2022-11-06,1,"None",242
2022-11-06,2,"None",175
2022-11-06,3,"None",147
2022-11-06,4,"None",5709
2022-11-06,5,"None",498
2022-11-06,6,"None",45
2022-11-07,1,"None",339
2022-11-07,2,"None",200
2022-11-07,3,"None",218
2022-11-07,4,"None",8785
2022-11-07,5,"None",867
2022-11-07,6,"None",83
2022-11-08,1,"None",371
2022-11-08,2,"None",233
2022-11-08,3,"None",237
2022-11-08,4,"None",10295
2022-11-08,5,"None",1275
2022-11-08,6,"None",108
2022-11-09,1,"None",354
2022-11-09,2,"None",237
2022-11-09,3,"None",228
2022-11-09,4,"None",8484
2022-11-09,5,"None",995
2022-11-09,6,"None",92
2022-11-10,1,"None",362
2022-11-10,2,"None",226
2022-11-10,3,"None",289
2022-11-10,4,"None",8881
2022-11-10,5,"None",1172
2022-11-10,6,"None",97
2022-11-10,7,"None",5
2022-11-11,1,"None",350
2022-11-11,2,"None",288
2022-11-11,3,"None",252
2022-11-11,4,"None",7690
2022-11-11,5,"None",876
2022-11-11,6,"None",73
2022-11-12,1,"None",389
2022-11-12,2,"None",470
2022-11-12,3,"None",384
2022-11-12,4,"None",8954
2022-11-12,5,"None",1311
2022-11-12,6,"None",145
2022-11-13,1,"None",244
2022-11-13,2,"None",317
2022-11-13,3,"None",246
2022-11-13,4,"None",3232
2022-11-13,5,"None",293
2022-11-13,6,"None",35
2022-11-14,1,"None",296
2022-11-14,2,"None",185
2022-11-14,3,"None",268
2022-11-14,4,"None",6783
2022-11-14,5,"None",861
2022-11-14,6,"None",89
2022-11-15,1,"None",412
2022-11-15,2,"None",221
2022-11-15,3,"None",265
2022-11-15,4,"None",7453
2022-11-15,5,"None",1019
2022-11-15,6,"None",83
2022-11-16,1,"None",305
2022-11-16,2,"None",216
2022-11-16,3,"None",247
2022-11-16,4,"None",7248
2022-11-16,5,"None",972
2022-11-16,6,"None",65
2022-11-17,1,"None",327
2022-11-17,2,"None",219
2022-11-17,3,"None",334
2022-11-17,4,"None",7285
2022-11-17,5,"None",751
2022-11-17,6,"None",114
2022-11-18,1,"None",280
2022-11-18,2,"None",171
2022-11-18,3,"None",213
2022-11-18,4,"None",7114
2022-11-18,5,"None",889
2022-11-18,6,"None",61
2022-11-19,1,"None",330
2022-11-19,2,"None",435
2022-11-19,3,"None",290
2022-11-19,4,"None",6600
2022-11-19,5,"None",761
2022-11-19,6,"None",73
2022-11-20,1,"None",208
2022-11-20,2,"None",176
2022-11-20,3,"None",188
2022-11-20,4,"None",3604
2022-11-20,5,"None",302
2022-11-20,6,"None",17
2022-11-21,1,"None",300
2022-11-21,2,"None",190
2022-11-21,3,"None",230
2022-11-21,4,"None",6771
2022-11-21,5,"None",586
2022-11-21,6,"None",59
2022-11-22,1,"None",294
2022-11-22,2,"None",177
2022-11-22,3,"None",229
2022-11-22,4,"None",6893
2022-11-22,5,"None",650
2022-11-22,6,"None",69
2022-11-23,1,"None",295
2022-11-23,2,"None",195
2022-11-23,3,"None",231
2022-11-23,4,"None",6358
2022-11-23,5,"None",671
2022-11-23,6,"None",61
2022-11-24,1,"None",322
2022-11-24,2,"None",215
2022-11-24,3,"None",240
2022-11-24,4,"None",6274
2022-11-24,5,"None",586
2022-11-24,6,"None",43
2022-11-25,1,"None",304
2022-11-25,2,"None",240
2022-11-25,3,"None",318
2022-11-25,4,"None",6403
2022-11-25,5,"None",454
2022-11-25,6,"None",42
2022-11-25,7,"None",5
2022-11-26,1,"None",307
2022-11-26,2,"None",380
2022-11-26,3,"None",342
2022-11-26,4,"None",5757
2022-11-26,5,"None",546
2022-11-26,6,"None",41
2022-11-27,1,"None",217
2022-11-27,2,"None",252
2022-11-27,3,"None",185
2022-11-27,4,"None",3604
2022-11-27,5,"None",227
2022-11-27,6,"None",16
2022-11-28,1,"None",213
2022-11-28,2,"None",157
2022-11-28,3,"None",196
2022-11-28,4,"None",5363
2022-11-28,5,"None",390
2022-11-28,6,"None",41
2022-11-29,1,"None",274
2022-11-29,2,"None",124
2022-11-29,3,"None",173
2022-11-29,4,"None",5031
2022-11-29,5,"None",419
2022-11-29,6,"None",58
2022-11-30,1,"None",297
2022-11-30,2,"None",154
2022-11-30,3,"None",233
2022-11-30,4,"None",5617
2022-11-30,5,"None",543
2022-11-30,6,"None",51
2022-11-30,7,"None",5
2022-12-01,1,"None",311
2022-12-01,2,"None",190
2022-12-01,3,"None",196
2022-12-01,4,"None",5277
2022-12-01,5,"None",475
2022-12-01,6,"None",39
2022-12-02,1,"None",261
2022-12-02,2,"None",159
2022-12-02,3,"None",187
2022-12-02,4,"None",4884
2022-12-02,5,"None",399
2022-12-02,6,"None",22
2022-12-03,1,"None",221
2022-12-03,2,"None",218
2022-12-03,3,"None",220
2022-12-03,4,"None",3490
2022-12-03,5,"None",168
2022-12-03,6,"None",22
2022-12-04,1,"None",135
2022-12-04,2,"None",259
2022-12-04,3,"None",113
2022-12-04,4,"None",1948
2022-12-04,5,"None",104
2022-12-04,6,"None",13
2022-12-05,1,"None",221
2022-12-05,2,"None",131
2022-12-05,3,"None",119
2022-12-05,4,"None",3942
2022-12-05,5,"None",303
2022-12-05,6,"None",44
2022-12-05,7,"None",5
2022-12-06,1,"None",222
2022-12-06,2,"None",125
2022-12-06,3,"None",123
2022-12-06,4,"None",3593
2022-12-06,5,"None",428
2022-12-06,6,"None",52
2022-12-07,1,"None",197
2022-12-07,2,"None",104
2022-12-07,3,"None",116
2022-12-07,4,"None",3304
2022-12-07,5,"None",430
2022-12-07,6,"None",34
2022-12-08,1,"None",197
2022-12-08,2,"None",103
2022-12-08,3,"None",95
2022-12-08,4,"None",3061
2022-12-08,5,"None",300
2022-12-08,6,"None",39
2022-12-09,1,"None",157
2022-12-09,2,"None",105
2022-12-09,3,"None",110
2022-12-09,4,"None",2821
2022-12-09,5,"None",381
2022-12-09,6,"None",27
2022-12-09,7,"None",5
2022-12-10,1,"None",179
2022-12-10,2,"None",314
2022-12-10,3,"None",211
2022-12-10,4,"None",1495
2022-12-10,5,"None",94
2022-12-10,6,"None",18
2022-12-11,1,"None",126
2022-12-11,2,"None",387
2022-12-11,3,"None",81
2022-12-11,4,"None",1154
2022-12-11,5,"None",71
2022-12-11,6,"None",15
2022-12-12,1,"None",168
2022-12-12,2,"None",108
2022-12-12,3,"None",94
2022-12-12,4,"None",2728
2022-12-12,5,"None",244
2022-12-12,6,"None",28
2022-12-13,1,"None",122
2022-12-13,2,"None",64
2022-12-13,3,"None",75
2022-12-13,4,"None",1980
2022-12-13,5,"None",220
2022-12-13,6,"None",26
2022-12-14,1,"None",125
2022-12-14,2,"None",89
2022-12-14,3,"None",80
2022-12-14,4,"None",1978
2022-12-14,5,"None",176
2022-12-14,6,"None",17
2022-12-15,1,"None",101
2022-12-15,2,"None",52
2022-12-15,3,"None",64
2022-12-15,4,"None",1402
2022-12-15,5,"None",117
2022-12-15,6,"None",5
2022-12-16,1,"None",133
2022-12-16,2,"None",101
2022-12-16,3,"None",83
2022-12-16,4,"None",1959
2022-12-16,5,"None",181
2022-12-16,6,"None",19
2022-12-17,1,"None",125
2022-12-17,2,"None",146
2022-12-17,3,"None",127
2022-12-17,4,"None",1209
2022-12-17,5,"None",66
2022-12-17,6,"None",9
2022-12-18,1,"None",58
2022-12-18,2,"None",75
2022-12-18,3,"None",52
2022-12-18,4,"None",613
2022-12-18,5,"None",34
2022-12-18,6,"None",8
2022-12-19,1,"None",119
2022-12-19,2,"None",69
2022-12-19,3,"None",71
2022-12-19,4,"None",1408
2022-12-19,5,"None",162
2022-12-19,6,"None",13
2022-12-20,1,"None",87
2022-12-20,2,"None",32
2022-12-20,3,"None",48
2022-12-20,4,"None",1199
2022-12-20,5,"None",109
2022-12-20,6,"None",6
2022-12-21,1,"None",75
2022-12-21,2,"None",47
2022-12-21,3,"None",50
2022-12-21,4,"None",791
2022-12-21,5,"None",94
2022-12-21,6,"None",13
2022-12-22,1,"None",88
2022-12-22,2,"None",59
2022-12-22,3,"None",53
2022-12-22,4,"None",1056
2022-12-22,5,"None",103
2022-12-22,6,"None",8
2022-12-23,1,"None",46
2022-12-23,2,"None",26
2022-12-23,3,"None",34
2022-12-23,4,"None",514
2022-12-23,5,"None",46
2022-12-23,6,"None",5
2022-12-24,1,"None",5
2022-12-24,3,"None",5
2022-12-24,4,"None",13
2022-12-24,5,"None",5
2022-12-26,3,"None",5
2022-12-26,4,"None",5
2022-12-27,1,"None",5
2022-12-27,3,"None",5
2022-12-27,4,"None",14
2022-12-27,5,"None",5
2022-12-28,1,"None",62
2022-12-28,2,"None",24
2022-12-28,3,"None",29
2022-12-28,4,"None",477
2022-12-28,5,"None",60
2022-12-28,6,"None",8
2022-12-29,1,"None",43
2022-12-29,2,"None",41
2022-12-29,3,"None",36
2022-12-29,4,"None",568
2022-12-29,5,"None",47
2022-12-29,6,"None",8
2022-12-30,1,"None",72
2022-12-30,2,"None",28
2022-12-30,3,"None",32
2022-12-30,4,"None",522
2022-12-30,5,"None",35
2022-12-30,6,"None",10
2022-12-31,1,"None",5
2022-12-31,2,"None",5
2022-12-31,3,"None",5
2022-12-31,4,"None",17
2022-12-31,5,"None",5
2023-01-02,1,"None",10
2023-01-02,2,"None",5
2023-01-02,3,"None",5
2023-01-02,4,"None",32
2023-01-02,5,"None",5
2023-01-03,1,"None",35
2023-01-03,2,"None",26
2023-01-03,3,"None",27
2023-01-03,4,"None",312
2023-01-03,5,"None",137
2023-01-03,6,"None",35
2023-01-03,7,"None",5
2023-01-04,1,"None",89
2023-01-04,2,"None",65
2023-01-04,3,"None",45
2023-01-04,4,"None",737
2023-01-04,5,"None",112
2023-01-04,6,"None",7
2023-01-05,1,"None",69
2023-01-05,2,"None",46
2023-01-05,3,"None",57
2023-01-05,4,"None",779
2023-01-05,5,"None",121
2023-01-05,6,"None",9
2023-01-06,1,"None",79
2023-01-06,2,"None",55
2023-01-06,3,"None",45
2023-01-06,4,"None",806
2023-01-06,5,"None",55
2023-01-06,6,"None",8
2023-01-07,1,"None",78
2023-01-07,2,"None",89
2023-01-07,3,"None",44
2023-01-07,4,"None",472
2023-01-07,5,"None",29
2023-01-07,6,"None",5
2023-01-08,1,"None",18
2023-01-08,2,"None",26
2023-01-08,3,"None",12
2023-01-08,4,"None",176
2023-01-08,5,"None",16
2023-01-08,6,"None",5
2023-01-09,1,"None",60
2023-01-09,2,"None",34
2023-01-09,3,"None",46
2023-01-09,4,"None",674
2023-01-09,5,"None",99
2023-01-09,6,"None",5
2023-01-10,1,"None",61
2023-01-10,2,"None",50
2023-01-10,3,"None",51
2023-01-10,4,"None",737
2023-01-10,5,"None",100
2023-01-10,6,"None",9
2023-01-11,1,"None",65
2023-01-11,2,"None",45
2023-01-11,3,"None",42
2023-01-11,4,"None",657
2023-01-11,5,"None",92
2023-01-11,6,"None",10
2023-01-11,7,"None",5
2023-01-12,1,"None",48
2023-01-12,2,"None",33
2023-01-12,3,"None",41
2023-01-12,4,"None",571
2023-01-12,5,"None",64
2023-01-12,6,"None",8
2023-01-13,1,"None",60
2023-01-13,2,"None",40
2023-01-13,3,"None",44
2023-01-13,4,"None",496
2023-01-13,5,"None",59
2023-01-13,6,"None",5
2023-01-14,1,"None",60
2023-01-14,2,"None",57
2023-01-14,3,"None",36
2023-01-14,4,"None",295
2023-01-14,5,"None",16
2023-01-14,6,"None",5
2023-01-15,1,"None",20
2023-01-15,2,"None",30
2023-01-15,3,"None",9
2023-01-15,4,"None",137
2023-01-15,5,"None",18
2023-01-16,1,"None",60
2023-01-16,2,"None",70
2023-01-16,3,"None",42
2023-01-16,4,"None",388
2023-01-16,5,"None",70
2023-01-16,6,"None",10
2023-01-17,1,"None",64
2023-01-17,2,"None",80
2023-01-17,3,"None",19
2023-01-17,4,"None",384
2023-01-17,5,"None",95
2023-01-17,6,"None",34
2023-01-18,1,"None",44
2023-01-18,2,"None",58
2023-01-18,3,"None",28
2023-01-18,4,"None",334
2023-01-18,5,"None",85
2023-01-18,6,"None",12
2023-01-18,7,"None",5
2023-01-19,1,"None",58
2023-01-19,2,"None",57
2023-01-19,3,"None",19
2023-01-19,4,"None",353
2023-01-19,5,"None",116
2023-01-19,6,"None",5
2023-01-20,1,"None",56
2023-01-20,2,"None",42
2023-01-20,3,"None",36
2023-01-20,4,"None",453
2023-01-20,5,"None",81
2023-01-20,6,"None",7
2023-01-21,1,"None",58
2023-01-21,2,"None",117
2023-01-21,3,"None",33
2023-01-21,4,"None",252
2023-01-21,5,"None",88
2023-01-21,6,"None",6
2023-01-21,7,"None",5
2023-01-22,1,"None",41
2023-01-22,2,"None",80
2023-01-22,3,"None",17
2023-01-22,4,"None",135
2023-01-22,5,"None",28
2023-01-22,6,"None",5
2023-01-23,1,"None",30
2023-01-23,2,"None",45
2023-01-23,3,"None",23
2023-01-23,4,"None",304
2023-01-23,5,"None",72
2023-01-23,6,"None",5
2023-01-23,7,"None",5
2023-01-24,1,"None",47
2023-01-24,2,"None",51
2023-01-24,3,"None",33
2023-01-24,4,"None",373
2023-01-24,5,"None",72
2023-01-24,6,"None",5
2023-01-25,1,"None",47
2023-01-25,2,"None",32
2023-01-25,3,"None",20
2023-01-25,4,"None",335
2023-01-25,5,"None",67
2023-01-25,6,"None",9
2023-01-26,1,"None",36
2023-01-26,2,"None",71
2023-01-26,3,"None",28
2023-01-26,4,"None",358
2023-01-26,5,"None",47
2023-01-26,6,"None",5
2023-01-26,7,"None",5
2023-01-27,1,"None",56
2023-01-27,2,"None",48
2023-01-27,3,"None",26
2023-01-27,4,"None",268
2023-01-27,5,"None",38
2023-01-27,6,"None",6
2023-01-27,7,"None",5
2023-01-28,1,"None",47
2023-01-28,2,"None",82
2023-01-28,3,"None",37
2023-01-28,4,"None",209
2023-01-28,5,"None",17
2023-01-28,6,"None",5
2023-01-29,1,"None",28
2023-01-29,2,"None",73
2023-01-29,3,"None",8
2023-01-29,4,"None",104
2023-01-29,5,"None",5
2023-01-30,1,"None",23
2023-01-30,2,"None",38
2023-01-30,3,"None",16
2023-01-30,4,"None",219
2023-01-30,5,"None",52
2023-01-31,1,"None",41
2023-01-31,2,"None",55
2023-01-31,3,"None",34
2023-01-31,4,"None",263
2023-01-31,5,"None",64
2023-01-31,6,"None",7
2023-02-01,1,"None",40
2023-02-01,2,"None",23
2023-02-01,3,"None",14
2023-02-01,4,"None",192
2023-02-01,5,"None",58
2023-02-01,6,"None",5
2023-02-02,1,"None",32
2023-02-02,2,"None",32
2023-02-02,3,"None",22
2023-02-02,4,"None",268
2023-02-02,5,"None",57
2023-02-02,6,"None",5
2023-02-03,1,"None",31
2023-02-03,2,"None",43
2023-02-03,3,"None",25
2023-02-03,4,"None",190
2023-02-03,5,"None",36
2023-02-03,6,"None",5
2023-02-03,7,"None",5
2023-02-04,1,"None",44
2023-02-04,2,"None",55
2023-02-04,3,"None",46
2023-02-04,4,"None",173
2023-02-04,5,"None",14
2023-02-04,6,"None",5
2023-02-05,1,"None",33
2023-02-05,2,"None",47
2023-02-05,3,"None",6
2023-02-05,4,"None",82
2023-02-05,5,"None",18
2023-02-05,6,"None",5
2023-02-06,1,"None",24
2023-02-06,2,"None",15
2023-02-06,3,"None",15
2023-02-06,4,"None",113
2023-02-06,5,"None",16
2023-02-06,6,"None",5
2023-02-07,1,"None",27
2023-02-07,2,"None",23
2023-02-07,3,"None",26
2023-02-07,4,"None",241
2023-02-07,5,"None",25
2023-02-07,6,"None",5
2023-02-08,1,"None",29
2023-02-08,2,"None",39
2023-02-08,3,"None",37
2023-02-08,4,"None",280
2023-02-08,5,"None",43
2023-02-08,6,"None",6
2023-02-09,1,"None",31
2023-02-09,2,"None",28
2023-02-09,3,"None",16
2023-02-09,4,"None",244
2023-02-09,5,"None",46
2023-02-09,6,"None",5
2023-02-10,1,"None",32
2023-02-10,2,"None",45
2023-02-10,3,"None",24
2023-02-10,4,"None",301
2023-02-10,5,"None",22
2023-02-10,6,"None",5
2023-02-11,1,"None",55
2023-02-11,2,"None",63
2023-02-11,3,"None",29
2023-02-11,4,"None",160
2023-02-11,5,"None",11
2023-02-11,6,"None",5
2023-02-12,1,"None",13
2023-02-12,2,"None",15
2023-02-12,3,"None",12
2023-02-12,4,"None",80
2023-02-12,5,"None",12
2023-02-12,6,"None",5
2023-02-13,1,"None",23
2023-02-13,2,"None",31
2023-02-13,3,"None",17
2023-02-13,4,"None",155
2023-02-13,5,"None",25
2023-02-13,6,"None",5
2023-02-14,1,"None",26
2023-02-14,2,"None",34
2023-02-14,3,"None",18
2023-02-14,4,"None",172
2023-02-14,5,"None",25
2023-02-14,6,"None",5
2023-02-15,1,"None",32
2023-02-15,2,"None",27
2023-02-15,3,"None",14
2023-02-15,4,"None",195
2023-02-15,5,"None",28
2023-02-15,6,"None",5
2023-02-16,1,"None",25
2023-02-16,2,"None",23
2023-02-16,3,"None",23
2023-02-16,4,"None",174
2023-02-16,5,"None",23
2023-02-16,6,"None",5
2023-02-17,1,"None",23
2023-02-17,2,"None",20
2023-02-17,3,"None",18
2023-02-17,4,"None",190
2023-02-17,5,"None",17
2023-02-17,6,"None",5
2023-02-18,1,"None",31
2023-02-18,2,"None",41
2023-02-18,3,"None",30
2023-02-18,4,"None",122
2023-02-18,5,"None",5
2023-02-18,6,"None",5
2023-02-19,1,"None",11
2023-02-19,2,"None",16
2023-02-19,3,"None",8
2023-02-19,4,"None",43
2023-02-19,5,"None",5
2023-02-20,1,"None",22
2023-02-20,2,"None",36
2023-02-20,3,"None",9
2023-02-20,4,"None",121
2023-02-20,5,"None",25
2023-02-21,1,"None",34
2023-02-21,2,"None",27
2023-02-21,3,"None",10
2023-02-21,4,"None",137
2023-02-21,5,"None",16
2023-02-22,1,"None",28
2023-02-22,2,"None",48
2023-02-22,3,"None",17
2023-02-22,4,"None",132
2023-02-22,5,"None",14
2023-02-22,6,"None",5
2023-02-23,1,"None",28
2023-02-23,2,"None",36
2023-02-23,3,"None",21
2023-02-23,4,"None",133
2023-02-23,5,"None",15
2023-02-23,6,"None",5
2023-02-24,1,"None",25
2023-02-24,2,"None",30
2023-02-24,3,"None",17
2023-02-24,4,"None",147
2023-02-24,5,"None",19
2023-02-24,6,"None",9
2023-02-25,1,"None",21
2023-02-25,2,"None",46
2023-02-25,3,"None",16
2023-02-25,4,"None",93
2023-02-25,5,"None",5
2023-02-25,6,"None",5
2023-02-26,1,"None",7
2023-02-26,2,"None",9
2023-02-26,3,"None",5
2023-02-26,4,"None",42
2023-02-26,5,"None",5
2023-02-27,1,"None",25
2023-02-27,2,"None",22
2023-02-27,3,"None",8
2023-02-27,4,"None",67
2023-02-27,5,"None",7
2023-02-28,1,"None",16
2023-02-28,2,"None",50
2023-02-28,3,"None",17
2023-02-28,4,"None",86
2023-02-28,5,"None",9
2023-03-01,1,"None",19
2023-03-01,2,"None",22
2023-03-01,3,"None",11
2023-03-01,4,"None",108
2023-03-01,5,"None",15
2023-03-01,6,"None",5
2023-03-02,1,"None",28
2023-03-02,2,"None",24
2023-03-02,3,"None",23
2023-03-02,4,"None",131
2023-03-02,5,"None",5
2023-03-02,6,"None",5
2023-03-03,1,"None",18
2023-03-03,2,"None",8
2023-03-03,3,"None",18
2023-03-03,4,"None",120
2023-03-03,5,"None",16
2023-03-03,7,"None",5
2023-03-04,1,"None",15
2023-03-04,2,"None",28
2023-03-04,3,"None",8
2023-03-04,4,"None",57
2023-03-04,5,"None",5
2023-03-04,6,"None",5
2023-03-05,1,"None",5
2023-03-05,2,"None",12
2023-03-05,3,"None",5
2023-03-05,4,"None",18
2023-03-06,1,"None",16
2023-03-06,2,"None",53
2023-03-06,3,"None",23
2023-03-06,4,"None",64
2023-03-06,5,"None",11
2023-03-06,6,"None",5
2023-03-07,1,"None",15
2023-03-07,2,"None",30
2023-03-07,3,"None",19
2023-03-07,4,"None",57
2023-03-07,5,"None",6
2023-03-07,6,"None",5
2023-03-08,1,"None",19
2023-03-08,2,"None",21
2023-03-08,3,"None",19
2023-03-08,4,"None",44
2023-03-08,5,"None",5
2023-03-09,1,"None",15
2023-03-09,2,"None",18
2023-03-09,3,"None",71
2023-03-09,4,"None",40
2023-03-09,5,"None",5
2023-03-10,1,"None",23
2023-03-10,2,"None",27
2023-03-10,3,"None",46
2023-03-10,4,"None",64
2023-03-10,5,"None",5
2023-03-10,6,"None",5
2023-03-11,1,"None",18
2023-03-11,2,"None",34
2023-03-11,3,"None",23
2023-03-11,4,"None",27
2023-03-12,1,"None",7
2023-03-12,2,"None",5
2023-03-12,3,"None",5
2023-03-12,4,"None",14
2023-03-12,5,"None",5
2023-03-13,1,"None",23
2023-03-13,2,"None",21
2023-03-13,3,"None",25
2023-03-13,4,"None",73
2023-03-13,5,"None",5
2023-03-14,1,"None",23
2023-03-14,2,"None",22
2023-03-14,3,"None",24
2023-03-14,4,"None",37
2023-03-14,5,"None",5
2023-03-14,6,"None",5
2023-03-15,1,"None",38
2023-03-15,2,"None",20
2023-03-15,3,"None",26
2023-03-15,4,"None",59
2023-03-15,5,"None",9
2023-03-16,1,"None",30
2023-03-16,2,"None",22
2023-03-16,3,"None",30
2023-03-16,4,"None",76
2023-03-16,5,"None",10
2023-03-16,6,"None",5
2023-03-17,1,"None",34
2023-03-17,2,"None",16
2023-03-17,3,"None",31
2023-03-17,4,"None",53
2023-03-17,5,"None",5
2023-03-17,6,"None",5
2023-03-17,7,"None",5
2023-03-18,1,"None",17
2023-03-18,2,"None",21
2023-03-18,3,"None",15
2023-03-18,4,"None",28
2023-03-19,1,"None",5
2023-03-19,2,"None",5
2023-03-19,3,"None",5
2023-03-19,4,"None",18
2023-03-20,1,"None",34
2023-03-20,2,"None",13
2023-03-20,3,"None",18
2023-03-20,4,"None",32
2023-03-20,5,"None",5
2023-03-21,1,"None",32
2023-03-21,2,"None",18
2023-03-21,3,"None",22
2023-03-21,4,"None",48
2023-03-21,5,"None",5
2023-03-21,6,"None",5
2023-03-22,1,"None",37
2023-03-22,2,"None",11
2023-03-22,3,"None",27
2023-03-22,4,"None",67
2023-03-22,5,"None",5
2023-03-22,6,"None",5
2023-03-23,1,"None",28
2023-03-23,2,"None",15
2023-03-23,3,"None",30
2023-03-23,4,"None",62
2023-03-23,5,"None",5
2023-03-23,6,"None",5
2023-03-24,1,"None",34
2023-03-24,2,"None",14
2023-03-24,3,"None",66
2023-03-24,4,"None",44
2023-03-24,5,"None",5
2023-03-24,6,"None",5
2023-03-25,1,"None",10
2023-03-25,2,"None",20
2023-03-25,3,"None",22
2023-03-25,4,"None",26
2023-03-26,1,"None",5
2023-03-26,2,"None",5
2023-03-26,3,"None",5
2023-03-26,4,"None",12
2023-03-26,5,"None",5
2023-03-27,1,"None",73
2023-03-27,2,"None",48
2023-03-27,3,"None",64
2023-03-27,4,"None",43
2023-03-27,5,"None",48
2023-03-27,6,"None",293
2023-03-28,1,"None",81
2023-03-28,2,"None",40
2023-03-28,3,"None",43
2023-03-28,4,"None",53
2023-03-28,5,"None",67
2023-03-28,6,"None",320
2023-03-28,7,"None",5
2023-03-29,1,"None",86
2023-03-29,2,"None",50
2023-03-29,3,"None",51
2023-03-29,4,"None",47
2023-03-29,5,"None",61
2023-03-29,6,"None",383
2023-03-29,7,"None",5
2023-03-30,1,"None",87
2023-03-30,2,"None",78
2023-03-30,3,"None",66
2023-03-30,4,"None",70
2023-03-30,5,"None",84
2023-03-30,6,"None",379
2023-03-30,7,"None",5
2023-03-31,1,"None",78
2023-03-31,2,"None",58
2023-03-31,3,"None",64
2023-03-31,4,"None",69
2023-03-31,5,"None",53
2023-03-31,6,"None",320
2023-04-01,1,"None",46
2023-04-01,2,"None",74
2023-04-01,3,"None",42
2023-04-01,4,"None",32
2023-04-01,5,"None",419
2023-04-01,6,"None",817
2023-04-01,7,"None",41
2023-04-02,1,"None",60
2023-04-02,2,"None",53
2023-04-02,3,"None",56
2023-04-02,4,"None",32
2023-04-02,5,"None",154
2023-04-02,6,"None",276
2023-04-02,7,"None",22
2023-04-03,1,"None",123
2023-04-03,2,"None",112
2023-04-03,3,"None",94
2023-04-03,4,"None",63
2023-04-03,5,"None",535
2023-04-03,6,"None",856
2023-04-03,7,"None",54
2023-04-04,1,"None",163
2023-04-04,2,"None",132
2023-04-04,3,"None",108
2023-04-04,4,"None",77
2023-04-04,5,"None",526
2023-04-04,6,"None",1190
2023-04-04,7,"None",52
2023-04-05,1,"None",110
2023-04-05,2,"None",123
2023-04-05,3,"None",97
2023-04-05,4,"None",115
2023-04-05,5,"None",780
2023-04-05,6,"None",1578
2023-04-05,7,"None",65
2023-04-06,1,"None",128
2023-04-06,2,"None",133
2023-04-06,3,"None",96
2023-04-06,4,"None",95
2023-04-06,5,"None",551
2023-04-06,6,"None",1498
2023-04-06,7,"None",58
2023-04-07,1,"None",38
2023-04-07,2,"None",41
2023-04-07,3,"None",28
2023-04-07,4,"None",27
2023-04-07,5,"None",140
2023-04-07,6,"None",419
2023-04-07,7,"None",26
2023-04-08,1,"None",9
2023-04-08,2,"None",13
2023-04-08,3,"None",13
2023-04-08,4,"None",15
2023-04-08,5,"None",165
2023-04-08,6,"None",578
2023-04-08,7,"None",17
2023-04-09,1,"None",19
2023-04-09,2,"None",16
2023-04-09,3,"None",11
2023-04-09,4,"None",7
2023-04-09,5,"None",23
2023-04-09,6,"None",90
2023-04-10,1,"None",25
2023-04-10,2,"None",24
2023-04-10,3,"None",23
2023-04-10,4,"None",39
2023-04-10,5,"None",191
2023-04-10,6,"None",1140
2023-04-10,7,"None",17
2023-04-11,1,"None",104
2023-04-11,2,"None",103
2023-04-11,3,"None",65
2023-04-11,4,"None",96
2023-04-11,5,"None",719
2023-04-11,6,"None",3128
2023-04-11,7,"None",74
2023-04-12,1,"None",108
2023-04-12,2,"None",102
2023-04-12,3,"None",90
2023-04-12,4,"None",79
2023-04-12,5,"None",718
2023-04-12,6,"None",2951
2023-04-12,7,"None",71
2023-04-13,1,"None",153
2023-04-13,2,"None",144
2023-04-13,3,"None",87
2023-04-13,4,"None",126
2023-04-13,5,"None",1031
2023-04-13,6,"None",3743
2023-04-13,7,"None",79
2023-04-14,1,"None",70
2023-04-14,2,"None",76
2023-04-14,3,"None",49
2023-04-14,4,"None",63
2023-04-14,5,"None",752
2023-04-14,6,"None",2928
2023-04-14,7,"None",66
2023-04-15,1,"None",47
2023-04-15,2,"None",40
2023-04-15,3,"None",40
2023-04-15,4,"None",44
2023-04-15,5,"None",683
2023-04-15,6,"None",1884
2023-04-15,7,"None",131
2023-04-15,8,"None",5
2023-04-16,1,"None",24
2023-04-16,2,"None",21
2023-04-16,3,"None",29
2023-04-16,4,"None",24
2023-04-16,5,"None",216
2023-04-16,6,"None",818
2023-04-16,7,"None",19
2023-04-17,1,"None",85
2023-04-17,2,"None",104
2023-04-17,3,"None",79
2023-04-17,4,"None",87
2023-04-17,5,"None",1109
2023-04-17,6,"None",4345
2023-04-17,7,"None",127
2023-04-18,1,"None",107
2023-04-18,2,"None",160
2023-04-18,3,"None",85
2023-04-18,4,"None",108
2023-04-18,5,"None",1313
2023-04-18,6,"None",4879
2023-04-18,7,"None",104
2023-04-19,1,"None",80
2023-04-19,2,"None",89
2023-04-19,3,"None",65
2023-04-19,4,"None",102
2023-04-19,5,"None",1309
2023-04-19,6,"None",4481
2023-04-19,7,"None",117
2023-04-20,1,"None",79
2023-04-20,2,"None",90
2023-04-20,3,"None",71
2023-04-20,4,"None",104
2023-04-20,5,"None",1439
2023-04-20,6,"None",4752
2023-04-20,7,"None",125
2023-04-21,1,"None",108
2023-04-21,2,"None",111
2023-04-21,3,"None",74
2023-04-21,4,"None",85
2023-04-21,5,"None",1037
2023-04-21,6,"None",4120
2023-04-21,7,"None",88
2023-04-22,1,"None",29
2023-04-22,2,"None",35
2023-04-22,3,"None",36
2023-04-22,4,"None",44
2023-04-22,5,"None",510
2023-04-22,6,"None",2356
2023-04-22,7,"None",54
2023-04-23,1,"None",18
2023-04-23,2,"None",22
2023-04-23,3,"None",27
2023-04-23,4,"None",17
2023-04-23,5,"None",321
2023-04-23,6,"None",1756
2023-04-23,7,"None",54
2023-04-23,8,"None",5
2023-04-24,1,"None",53
2023-04-24,2,"None",79
2023-04-24,3,"None",57
2023-04-24,4,"None",81
2023-04-24,5,"None",930
2023-04-24,6,"None",3700
2023-04-24,7,"None",124
2023-04-25,1,"None",108
2023-04-25,2,"None",95
2023-04-25,3,"None",112
2023-04-25,4,"None",293
2023-04-25,5,"None",1429
2023-04-25,6,"None",5347
2023-04-25,7,"None",172
2023-04-26,1,"None",90
2023-04-26,2,"None",73
2023-04-26,3,"None",59
2023-04-26,4,"None",104
2023-04-26,5,"None",1089
2023-04-26,6,"None",4552
2023-04-26,7,"None",140
2023-04-26,8,"None",5
2023-04-27,1,"None",109
2023-04-27,2,"None",116
2023-04-27,3,"None",94
2023-04-27,4,"None",193
2023-04-27,5,"None",1596
2023-04-27,6,"None",5309
2023-04-27,7,"None",150
2023-04-28,1,"None",94
2023-04-28,2,"None",97
2023-04-28,3,"None",63
2023-04-28,4,"None",100
2023-04-28,5,"None",1008
2023-04-28,6,"None",3774
2023-04-28,7,"None",113
2023-04-28,8,"None",5
2023-04-29,1,"None",51
2023-04-29,2,"None",65
2023-04-29,3,"None",61
2023-04-29,4,"None",74
2023-04-29,5,"None",962
2023-04-29,6,"None",3493
2023-04-29,7,"None",121
2023-04-30,1,"None",12
2023-04-30,2,"None",21
2023-04-30,3,"None",30
2023-04-30,4,"None",21
2023-04-30,5,"None",296
2023-04-30,6,"None",1202
2023-04-30,7,"None",53
2023-05-01,1,"None",5
2023-05-01,2,"None",11
2023-05-01,3,"None",15
2023-05-01,4,"None",14
2023-05-01,5,"None",106
2023-05-01,6,"None",553
2023-05-01,7,"None",23
2023-05-02,1,"None",67
2023-05-02,2,"None",82
2023-05-02,3,"None",52
2023-05-02,4,"None",73
2023-05-02,5,"None",962
2023-05-02,6,"None",3938
2023-05-02,7,"None",132
2023-05-03,1,"None",52
2023-05-03,2,"None",74
2023-05-03,3,"None",59
2023-05-03,4,"None",106
2023-05-03,5,"None",1012
2023-05-03,6,"None",3980
2023-05-03,7,"None",135
2023-05-03,8,"None",5
2023-05-04,1,"None",82
2023-05-04,2,"None",83
2023-05-04,3,"None",58
2023-05-04,4,"None",99
2023-05-04,5,"None",1308
2023-05-04,6,"None",3193
2023-05-04,7,"None",136
2023-05-05,1,"None",42
2023-05-05,2,"None",58
2023-05-05,3,"None",40
2023-05-05,4,"None",62
2023-05-05,5,"None",569
2023-05-05,6,"None",2504
2023-05-05,7,"None",64
2023-05-06,1,"None",12
2023-05-06,2,"None",9
2023-05-06,3,"None",5
2023-05-06,4,"None",18
2023-05-06,5,"None",118
2023-05-06,6,"None",551
2023-05-06,7,"None",12
2023-05-07,1,"None",7
2023-05-07,2,"None",8
2023-05-07,3,"None",5
2023-05-07,4,"None",12
2023-05-07,5,"None",68
2023-05-07,6,"None",438
2023-05-07,7,"None",10
2023-05-08,1,"None",7
2023-05-08,2,"None",8
2023-05-08,3,"None",15
2023-05-08,4,"None",6
2023-05-08,5,"None",58
2023-05-08,6,"None",242
2023-05-08,7,"None",72
2023-05-08,8,"None",5
2023-05-09,1,"None",60
2023-05-09,2,"None",70
2023-05-09,3,"None",62
2023-05-09,4,"None",75
2023-05-09,5,"None",876
2023-05-09,6,"None",3366
2023-05-09,7,"None",282
2023-05-09,8,"None",5
2023-05-10,1,"None",56
2023-05-10,2,"None",58
2023-05-10,3,"None",54
2023-05-10,4,"None",89
2023-05-10,5,"None",909
2023-05-10,6,"None",3225
2023-05-10,7,"None",235
2023-05-11,1,"None",54
2023-05-11,2,"None",69
2023-05-11,3,"None",50
2023-05-11,4,"None",66
2023-05-11,5,"None",961
2023-05-11,6,"None",3306
2023-05-11,7,"None",178
2023-05-11,8,"None",5
2023-05-12,1,"None",54
2023-05-12,2,"None",68
2023-05-12,3,"None",48
2023-05-12,4,"None",66
2023-05-12,5,"None",683
2023-05-12,6,"None",2688
2023-05-12,7,"None",160
2023-05-12,8,"None",5
2023-05-13,1,"None",21
2023-05-13,2,"None",52
2023-05-13,3,"None",40
2023-05-13,4,"None",61
2023-05-13,5,"None",551
2023-05-13,6,"None",3040
2023-05-13,7,"None",176
2023-05-14,1,"None",11
2023-05-14,2,"None",8
2023-05-14,3,"None",18
2023-05-14,4,"None",15
2023-05-14,5,"None",232
2023-05-14,6,"None",1022
2023-05-14,7,"None",53
2023-05-15,1,"None",41
2023-05-15,2,"None",55
2023-05-15,3,"None",57
2023-05-15,4,"None",87
2023-05-15,5,"None",730
2023-05-15,6,"None",2536
2023-05-15,7,"None",133
2023-05-16,1,"None",64
2023-05-16,2,"None",82
2023-05-16,3,"None",51
2023-05-16,4,"None",100
2023-05-16,5,"None",1115
2023-05-16,6,"None",3158
2023-05-16,7,"None",225
2023-05-16,8,"None",5
2023-05-17,1,"None",77
2023-05-17,2,"None",63
2023-05-17,3,"None",56
2023-05-17,4,"None",74
2023-05-17,5,"None",780
2023-05-17,6,"None",2521
2023-05-17,7,"None",208
2023-05-18,1,"None",59
2023-05-18,2,"None",70
2023-05-18,3,"None",49
2023-05-18,4,"None",67
2023-05-18,5,"None",709
2023-05-18,6,"None",2443
2023-05-18,7,"None",218
2023-05-18,8,"None",5
2023-05-19,1,"None",45
2023-05-19,2,"None",38
2023-05-19,3,"None",50
2023-05-19,4,"None",46
2023-05-19,5,"None",562
2023-05-19,6,"None",2259
2023-05-19,7,"None",198
2023-05-20,1,"None",21
2023-05-20,2,"None",53
2023-05-20,3,"None",38
2023-05-20,4,"None",46
2023-05-20,5,"None",681
2023-05-20,6,"None",1774
2023-05-20,7,"None",145
2023-05-20,8,"None",5
2023-05-21,1,"None",20
2023-05-21,2,"None",21
2023-05-21,3,"None",20
2023-05-21,4,"None",18
2023-05-21,5,"None",162
2023-05-21,6,"None",547
2023-05-21,7,"None",77
2023-05-22,1,"None",44
2023-05-22,2,"None",42
2023-05-22,3,"None",40
2023-05-22,4,"None",59
2023-05-22,5,"None",494
2023-05-22,6,"None",1785
2023-05-22,7,"None",186
2023-05-23,1,"None",54
2023-05-23,2,"None",39
2023-05-23,3,"None",31
2023-05-23,4,"None",55
2023-05-23,5,"None",581
2023-05-23,6,"None",2162
2023-05-23,7,"None",244
2023-05-24,1,"None",52
2023-05-24,2,"None",49
2023-05-24,3,"None",38
2023-05-24,4,"None",86
2023-05-24,5,"None",643
2023-05-24,6,"None",2020
2023-05-24,7,"None",235
2023-05-25,1,"None",63
2023-05-25,2,"None",43
2023-05-25,3,"None",40
2023-05-25,4,"None",76
2023-05-25,5,"None",663
2023-05-25,6,"None",2103
2023-05-25,7,"None",171
2023-05-25,8,"None",5
2023-05-26,1,"None",51
2023-05-26,2,"None",49
2023-05-26,3,"None",34
2023-05-26,4,"None",61
2023-05-26,5,"None",484
2023-05-26,6,"None",1439
2023-05-26,7,"None",108
2023-05-27,1,"None",15
2023-05-27,2,"None",18
2023-05-27,3,"None",9
2023-05-27,4,"None",24
2023-05-27,5,"None",177
2023-05-27,6,"None",620
2023-05-27,7,"None",62
2023-05-28,1,"None",5
2023-05-28,2,"None",13
2023-05-28,3,"None",6
2023-05-28,4,"None",11
2023-05-28,5,"None",90
2023-05-28,6,"None",309
2023-05-28,7,"None",33
2023-05-29,1,"None",27
2023-05-29,2,"None",22
2023-05-29,3,"None",22
2023-05-29,4,"None",24
2023-05-29,5,"None",191
2023-05-29,6,"None",825
2023-05-29,7,"None",48
2023-05-30,1,"None",39
2023-05-30,2,"None",34
2023-05-30,3,"None",32
2023-05-30,4,"None",69
2023-05-30,5,"None",596
2023-05-30,6,"None",1461
2023-05-30,7,"None",112
2023-05-30,8,"None",5
2023-05-31,1,"None",45
2023-05-31,2,"None",37
2023-05-31,3,"None",20
2023-05-31,4,"None",44
2023-05-31,5,"None",593
2023-05-31,6,"None",1531
2023-05-31,7,"None",135
2023-05-31,8,"None",5
2023-06-01,1,"None",65
2023-06-01,2,"None",47
2023-06-01,3,"None",32
2023-06-01,4,"None",44
2023-06-01,5,"None",529
2023-06-01,6,"None",1374
2023-06-01,7,"None",111
2023-06-02,1,"None",47
2023-06-02,2,"None",35
2023-06-02,3,"None",25
2023-06-02,4,"None",37
2023-06-02,5,"None",397
2023-06-02,6,"None",1028
2023-06-02,7,"None",117
2023-06-02,8,"None",5
2023-06-03,1,"None",33
2023-06-03,2,"None",35
2023-06-03,3,"None",18
2023-06-03,4,"None",27
2023-06-03,5,"None",225
2023-06-03,6,"None",595
2023-06-03,7,"None",79
2023-06-04,1,"None",14
2023-06-04,2,"None",20
2023-06-04,3,"None",5
2023-06-04,4,"None",16
2023-06-04,5,"None",74
2023-06-04,6,"None",264
2023-06-04,7,"None",38
2023-06-05,1,"None",38
2023-06-05,2,"None",31
2023-06-05,3,"None",18
2023-06-05,4,"None",31
2023-06-05,5,"None",313
2023-06-05,6,"None",861
2023-06-05,7,"None",132
2023-06-06,1,"None",43
2023-06-06,2,"None",26
2023-06-06,3,"None",22
2023-06-06,4,"None",43
2023-06-06,5,"None",429
2023-06-06,6,"None",1011
2023-06-06,7,"None",96
2023-06-06,8,"None",5
2023-06-07,1,"None",30
2023-06-07,2,"None",23
2023-06-07,3,"None",14
2023-06-07,4,"None",52
2023-06-07,5,"None",315
2023-06-07,6,"None",815
2023-06-07,7,"None",109
2023-06-07,8,"None",5
2023-06-08,1,"None",45
2023-06-08,2,"None",45
2023-06-08,3,"None",23
2023-06-08,4,"None",41
2023-06-08,5,"None",394
2023-06-08,6,"None",1013
2023-06-08,7,"None",284
2023-06-09,1,"None",64
2023-06-09,2,"None",42
2023-06-09,3,"None",22
2023-06-09,4,"None",42
2023-06-09,5,"None",324
2023-06-09,6,"None",910
2023-06-09,7,"None",306
2023-06-09,8,"None",5
2023-06-10,1,"None",17
2023-06-10,2,"None",25
2023-06-10,3,"None",11
2023-06-10,4,"None",18
2023-06-10,5,"None",130
2023-06-10,6,"None",371
2023-06-10,7,"None",133
2023-06-10,8,"None",5
2023-06-11,1,"None",18
2023-06-11,2,"None",13
2023-06-11,3,"None",9
2023-06-11,4,"None",16
2023-06-11,5,"None",106
2023-06-11,6,"None",281
2023-06-11,7,"None",59
2023-06-12,1,"None",21
2023-06-12,2,"None",15
2023-06-12,3,"None",16
2023-06-12,4,"None",25
2023-06-12,5,"None",244
2023-06-12,6,"None",629
2023-06-12,7,"None",118
2023-06-13,1,"None",34
2023-06-13,2,"None",23
2023-06-13,3,"None",13
2023-06-13,4,"None",30
2023-06-13,5,"None",305
2023-06-13,6,"None",818
2023-06-13,7,"None",119
2023-06-14,1,"None",35
2023-06-14,2,"None",24
2023-06-14,3,"None",18
2023-06-14,4,"None",20
2023-06-14,5,"None",247
2023-06-14,6,"None",621
2023-06-14,7,"None",66
2023-06-14,8,"None",5
2023-06-15,1,"None",44
2023-06-15,2,"None",31
2023-06-15,3,"None",22
2023-06-15,4,"None",35
2023-06-15,5,"None",271
2023-06-15,6,"None",640
2023-06-15,7,"None",102
2023-06-15,8,"None",5
2023-06-16,1,"None",31
2023-06-16,2,"None",20
2023-06-16,3,"None",11
2023-06-16,4,"None",24
2023-06-16,5,"None",223
2023-06-16,6,"None",508
2023-06-16,7,"None",94
2023-06-16,8,"None",5
2023-06-17,1,"None",25
2023-06-17,2,"None",7
2023-06-17,3,"None",5
2023-06-17,4,"None",5
2023-06-17,5,"None",72
2023-06-17,6,"None",227
2023-06-17,7,"None",50
2023-06-17,8,"None",5
2023-06-18,1,"None",12
2023-06-18,2,"None",5
2023-06-18,3,"None",7
2023-06-18,4,"None",5
2023-06-18,5,"None",35
2023-06-18,6,"None",75
2023-06-18,7,"None",15
2023-06-19,1,"None",26
2023-06-19,2,"None",17
2023-06-19,3,"None",6
2023-06-19,4,"None",13
2023-06-19,5,"None",146
2023-06-19,6,"None",321
2023-06-19,7,"None",40
2023-06-20,1,"None",20
2023-06-20,2,"None",21
2023-06-20,3,"None",12
2023-06-20,4,"None",26
2023-06-20,5,"None",163
2023-06-20,6,"None",381
2023-06-20,7,"None",69
2023-06-20,8,"None",5
2023-06-21,1,"None",30
2023-06-21,2,"None",19
2023-06-21,3,"None",14
2023-06-21,4,"None",22
2023-06-21,5,"None",117
2023-06-21,6,"None",243
2023-06-21,7,"None",35
2023-06-22,1,"None",30
2023-06-22,2,"None",12
2023-06-22,3,"None",10
2023-06-22,4,"None",20
2023-06-22,5,"None",153
2023-06-22,6,"None",316
2023-06-22,7,"None",48
2023-06-23,1,"None",19
2023-06-23,2,"None",12
2023-06-23,3,"None",9
2023-06-23,4,"None",26
2023-06-23,5,"None",142
2023-06-23,6,"None",262
2023-06-23,7,"None",41
2023-06-23,8,"None",5
2023-06-24,1,"None",18
2023-06-24,2,"None",18
2023-06-24,3,"None",9
2023-06-24,4,"None",9
2023-06-24,5,"None",47
2023-06-24,6,"None",78
2023-06-24,7,"None",18
2023-06-25,1,"None",5
2023-06-25,2,"None",5
2023-06-25,3,"None",5
2023-06-25,4,"None",5
2023-06-25,5,"None",27
2023-06-25,6,"None",71
2023-06-25,7,"None",5
2023-06-26,1,"None",18
2023-06-26,2,"None",8
2023-06-26,3,"None",9
2023-06-26,4,"None",14
2023-06-26,5,"None",106
2023-06-26,6,"None",225
2023-06-26,7,"None",32
2023-06-27,1,"None",15
2023-06-27,2,"None",15
2023-06-27,3,"None",14
2023-06-27,4,"None",9
2023-06-27,5,"None",121
2023-06-27,6,"None",178
2023-06-27,7,"None",43
2023-06-28,1,"None",17
2023-06-28,2,"None",12
2023-06-28,3,"None",5
2023-06-28,4,"None",8
2023-06-28,5,"None",93
2023-06-28,6,"None",185
2023-06-28,7,"None",22
2023-06-29,1,"None",25
2023-06-29,2,"None",13
2023-06-29,3,"None",13
2023-06-29,4,"None",29
2023-06-29,5,"None",102
2023-06-29,6,"None",282
2023-06-29,7,"None",54
2023-06-30,1,"None",31
2023-06-30,2,"None",21
2023-06-30,3,"None",19
2023-06-30,4,"None",20
2023-06-30,5,"None",118
2023-06-30,6,"None",237
2023-06-30,7,"None",43
2023-07-01,1,"None",5
2023-07-01,2,"None",5
2023-07-01,4,"None",5
2023-07-01,5,"None",8
2023-07-01,6,"None",24
2023-07-01,7,"None",6
2023-07-02,1,"None",5
2023-07-02,3,"None",5
2023-07-02,4,"None",5
2023-07-02,5,"None",7
2023-07-02,6,"None",10
2023-07-02,7,"None",5
2023-07-03,1,"None",5
2023-07-03,4,"None",5
2023-07-03,5,"None",13
2023-07-03,6,"None",17
2023-07-03,7,"None",5
2023-07-04,1,"None",6
2023-07-04,2,"None",5
2023-07-04,3,"None",5
2023-07-04,4,"None",5
2023-07-04,5,"None",5
2023-07-04,6,"None",17
2023-07-04,7,"None",7
2023-07-05,1,"None",5
2023-07-05,2,"None",5
2023-07-05,3,"None",5
2023-07-05,4,"None",6
2023-07-05,5,"None",10
2023-07-05,6,"None",22
2023-07-05,7,"None",6
2023-07-06,1,"None",14
2023-07-06,2,"None",5
2023-07-06,3,"None",5
2023-07-06,4,"None",5
2023-07-06,5,"None",18
2023-07-06,6,"None",19
2023-07-06,7,"None",8
2023-07-07,1,"None",5
2023-07-07,3,"None",5
2023-07-07,4,"None",5
2023-07-07,5,"None",18
2023-07-07,6,"None",28
2023-07-07,7,"None",10
2023-07-08,1,"None",5
2023-07-08,2,"None",5
2023-07-08,3,"None",5
2023-07-08,5,"None",7
2023-07-08,6,"None",16
2023-07-08,7,"None",5
2023-07-09,1,"None",5
2023-07-09,2,"None",5
2023-07-09,4,"None",5
2023-07-09,5,"None",5
2023-07-09,6,"None",6
2023-07-10,1,"None",5
2023-07-10,2,"None",5
2023-07-10,3,"None",5
2023-07-10,5,"None",12
2023-07-10,6,"None",18
2023-07-10,7,"None",6
2023-07-11,1,"None",5
2023-07-11,2,"None",5
2023-07-11,3,"None",5
2023-07-11,5,"None",11
2023-07-11,6,"None",25
2023-07-11,7,"None",5
2023-07-12,1,"None",5
2023-07-12,3,"None",5
2023-07-12,4,"None",5
2023-07-12,5,"None",14
2023-07-12,6,"None",21
2023-07-12,7,"None",6
2023-07-13,1,"None",5
2023-07-13,2,"None",5
2023-07-13,3,"None",5
2023-07-13,4,"None",5
2023-07-13,5,"None",20
2023-07-13,6,"None",34
2023-07-13,7,"None",7
2023-07-14,1,"None",5
2023-07-14,2,"None",5
2023-07-14,3,"None",5
2023-07-14,4,"None",5
2023-07-14,5,"None",9
2023-07-14,6,"None",16
2023-07-14,7,"None",5
2023-07-15,2,"None",5
2023-07-15,4,"None",5
2023-07-15,5,"None",8
2023-07-15,6,"None",9
2023-07-15,7,"None",5
2023-07-16,5,"None",5
2023-07-16,6,"None",5
2023-07-17,1,"None",5
2023-07-17,2,"None",5
2023-07-17,4,"None",5
2023-07-17,5,"None",9
2023-07-17,6,"None",15
2023-07-18,1,"None",5
2023-07-18,2,"None",5
2023-07-18,3,"None",5
2023-07-18,5,"None",8
2023-07-18,6,"None",24
2023-07-18,7,"None",5
2023-07-19,2,"None",5
2023-07-19,4,"None",5
2023-07-19,5,"None",5
2023-07-19,6,"None",6
2023-07-19,7,"None",5
2023-07-20,1,"None",5
2023-07-20,2,"None",5
2023-07-20,6,"None",5
2023-07-20,7,"None",5
2023-07-21,2,"None",5
2023-07-21,6,"None",5
2023-07-22,1,"None",5
2023-07-22,2,"None",5
2023-07-22,6,"None",5
2023-07-23,1,"None",5
2023-07-23,2,"None",5
2023-07-23,4,"None",5
2023-07-23,6,"None",5
2023-07-24,1,"None",5
2023-07-24,2,"None",5
2023-07-24,5,"None",5
2023-07-24,6,"None",5
2023-07-25,2,"None",5
2023-07-25,4,"None",5
2023-07-25,5,"None",5
2023-07-25,6,"None",5
2023-07-26,1,"None",5
2023-07-26,2,"None",5
2023-07-26,4,"None",5
2023-07-26,5,"None",5
2023-07-26,6,"None",5
2023-07-27,1,"None",5
2023-07-27,2,"None",5
2023-07-27,3,"None",5
2023-07-27,4,"None",5
2023-07-27,5,"None",5
2023-07-27,6,"None",6
2023-07-28,1,"None",5
2023-07-28,2,"None",7
2023-07-28,5,"None",5
2023-07-28,6,"None",5
2023-07-29,6,"None",5
2023-07-29,7,"None",5
2023-07-30,6,"None",5
2023-07-31,2,"None",5
2023-07-31,3,"None",5
2023-07-31,4,"None",5
2023-07-31,6,"None",5
2023-07-31,7,"None",5
2023-08-01,1,"None",5
2023-08-01,2,"None",5
2023-08-01,6,"None",5
2023-08-02,1,"None",5
2023-08-02,2,"None",5
2023-08-02,4,"None",5
2023-08-02,5,"None",5
2023-08-02,8,"None",5
2023-08-03,1,"None",5
2023-08-03,2,"None",5
2023-08-03,5,"None",5
2023-08-03,7,"None",5
2023-08-04,1,"None",5
2023-08-04,2,"None",6
2023-08-04,5,"None",5
2023-08-04,6,"None",5
2023-08-05,4,"None",5
2023-08-07,3,"None",5
2023-08-07,4,"None",5
2023-08-07,5,"None",5
2023-08-08,1,"None",5
2023-08-08,2,"None",5
2023-08-08,4,"None",5
2023-08-08,5,"None",5
2023-08-08,6,"None",5
2023-08-09,2,"None",5
2023-08-09,3,"None",5
2023-08-09,4,"None",5
2023-08-09,5,"None",5
2023-08-09,6,"None",5
2023-08-10,2,"None",5
2023-08-10,3,"None",5
2023-08-10,7,"None",5
2023-08-11,1,"None",5
2023-08-11,2,"None",7
2023-08-12,2,"None",10
2023-08-12,6,"None",5
2023-08-13,1,"None",5
2023-08-13,2,"None",7
2023-08-13,5,"None",5
2023-08-13,6,"None",5
2023-08-14,1,"None",5
2023-08-14,2,"None",8
2023-08-14,4,"None",5
2023-08-14,5,"None",5
2023-08-15,1,"None",5
2023-08-15,3,"None",5
2023-08-15,4,"None",5
2023-08-15,5,"None",5
2023-08-16,1,"None",5
2023-08-16,2,"None",5
2023-08-16,6,"None",5
2023-08-17,2,"None",5
2023-08-17,3,"None",5
2023-08-17,6,"None",5
2023-08-18,1,"None",5
2023-08-18,2,"None",5
2023-08-18,4,"None",5
2023-08-18,6,"None",5
2023-08-18,7,"None",5
2023-08-19,1,"None",5
2023-08-19,2,"None",12
2023-08-19,6,"None",5
2023-08-21,1,"None",5
2023-08-21,2,"None",5
2023-08-21,4,"None",5
2023-08-21,5,"None",5
2023-08-22,1,"None",5
2023-08-22,2,"None",5
2023-08-23,1,"None",5
2023-08-23,2,"None",5
2023-08-23,5,"None",5
2023-08-23,6,"None",5
2023-08-23,7,"None",5
2023-08-24,1,"None",5
2023-08-24,2,"None",5
2023-08-24,4,"None",5
2023-08-25,1,"None",5
2023-08-25,2,"None",14
2023-08-25,3,"None",5
2023-08-26,2,"None",5
2023-08-27,2,"None",5
2023-08-28,1,"None",5
2023-08-28,2,"None",11
2023-08-28,3,"None",5
2023-08-28,5,"None",5
2023-08-28,6,"None",5
2023-08-29,2,"None",5
2023-08-29,8,"None",5
2023-08-30,2,"None",5
2023-08-30,6,"None",5
2023-08-31,1,"None",5
2023-08-31,2,"None",5
2023-08-31,5,"None",5
2023-09-01,1,"None",5
2023-09-01,2,"None",5
2023-09-01,5,"None",5
2023-09-01,6,"None",5
2023-09-02,1,"None",5
2023-09-02,2,"None",5
2023-09-02,5,"None",5
2023-09-02,7,"None",5
2023-09-03,1,"None",5
2023-09-03,3,"None",5
2023-09-03,5,"None",5
2023-09-03,7,"None",5
2023-09-04,1,"None",29
2023-09-04,2,"None",66
2023-09-04,3,"None",35
2023-09-04,4,"None",63
2023-09-04,5,"None",1007
2023-09-04,6,"None",31
2023-09-04,7,"None",40
2023-09-04,8,"None",5
2023-09-05,1,"None",36
2023-09-05,2,"None",47
2023-09-05,3,"None",35
2023-09-05,4,"None",97
2023-09-05,5,"None",1077
2023-09-05,6,"None",39
2023-09-05,7,"None",46
2023-09-05,8,"None",5
2023-09-06,1,"None",54
2023-09-06,2,"None",53
2023-09-06,3,"None",49
2023-09-06,4,"None",111
2023-09-06,5,"None",1138
2023-09-06,6,"None",48
2023-09-06,7,"None",108
2023-09-06,8,"None",5
2023-09-07,1,"None",66
2023-09-07,2,"None",79
2023-09-07,3,"None",36
2023-09-07,4,"None",121
2023-09-07,5,"None",1355
2023-09-07,6,"None",50
2023-09-07,7,"None",94
2023-09-07,8,"None",5
2023-09-08,1,"None",56
2023-09-08,2,"None",51
2023-09-08,3,"None",47
2023-09-08,4,"None",103
2023-09-08,5,"None",1402
2023-09-08,6,"None",49
2023-09-08,7,"None",62
2023-09-08,8,"None",6
2023-09-09,1,"None",26
2023-09-09,2,"None",37
2023-09-09,3,"None",16
2023-09-09,4,"None",66
2023-09-09,5,"None",696
2023-09-09,6,"None",24
2023-09-09,7,"None",40
2023-09-09,8,"None",5
2023-09-10,1,"None",24
2023-09-10,2,"None",17
2023-09-10,3,"None",16
2023-09-10,4,"None",89
2023-09-10,5,"None",685
2023-09-10,6,"None",8
2023-09-10,7,"None",9
2023-09-10,8,"None",5
2023-09-11,1,"None",208
2023-09-11,2,"None",210
2023-09-11,3,"None",174
2023-09-11,4,"None",283
2023-09-11,5,"None",2158
2023-09-11,6,"None",316
2023-09-11,7,"None",443
2023-09-11,8,"None",31
2023-09-12,1,"None",171
2023-09-12,2,"None",207
2023-09-12,3,"None",144
2023-09-12,4,"None",254
2023-09-12,5,"None",2429
2023-09-12,6,"None",314
2023-09-12,7,"None",489
2023-09-12,8,"None",32
2023-09-13,1,"None",187
2023-09-13,2,"None",163
2023-09-13,3,"None",170
2023-09-13,4,"None",247
2023-09-13,5,"None",2047
2023-09-13,6,"None",245
2023-09-13,7,"None",391
2023-09-13,8,"None",16
2023-09-14,1,"None",150
2023-09-14,2,"None",127
2023-09-14,3,"None",102
2023-09-14,4,"None",282
2023-09-14,5,"None",2282
2023-09-14,6,"None",321
2023-09-14,7,"None",535
2023-09-14,8,"None",51
2023-09-15,1,"None",164
2023-09-15,2,"None",159
2023-09-15,3,"None",135
2023-09-15,4,"None",288
2023-09-15,5,"None",2479
2023-09-15,6,"None",285
2023-09-15,7,"None",488
2023-09-15,8,"None",55
2023-09-16,1,"None",62
2023-09-16,2,"None",55
2023-09-16,3,"None",38
2023-09-16,4,"None",118
2023-09-16,5,"None",952
2023-09-16,6,"None",58
2023-09-16,7,"None",118
2023-09-16,8,"None",16
2023-09-17,1,"None",51
2023-09-17,2,"None",34
2023-09-17,3,"None",47
2023-09-17,4,"None",65
2023-09-17,5,"None",692
2023-09-17,6,"None",62
2023-09-17,7,"None",139
2023-09-17,8,"None",5
2023-09-18,1,"None",238
2023-09-18,2,"None",238
2023-09-18,3,"None",181
2023-09-18,4,"None",283
2023-09-18,5,"None",3914
2023-09-18,6,"None",384
2023-09-18,7,"None",672
2023-09-18,8,"None",75
2023-09-19,1,"None",247
2023-09-19,2,"None",259
2023-09-19,3,"None",227
2023-09-19,4,"None",282
2023-09-19,5,"None",4651
2023-09-19,6,"None",486
2023-09-19,7,"None",814
2023-09-19,8,"None",94
2023-09-19,9,"None",5
2023-09-20,1,"None",186
2023-09-20,2,"None",216
2023-09-20,3,"None",134
2023-09-20,4,"None",317
2023-09-20,5,"None",4111
2023-09-20,6,"None",451
2023-09-20,7,"None",850
2023-09-20,8,"None",101
2023-09-20,9,"None",5
2023-09-21,1,"None",243
2023-09-21,2,"None",221
2023-09-21,3,"None",188
2023-09-21,4,"None",355
2023-09-21,5,"None",4215
2023-09-21,6,"None",483
2023-09-21,7,"None",958
2023-09-21,8,"None",70
2023-09-22,1,"None",201
2023-09-22,2,"None",209
2023-09-22,3,"None",157
2023-09-22,4,"None",317
2023-09-22,5,"None",4404
2023-09-22,6,"None",379
2023-09-22,7,"None",913
2023-09-22,8,"None",134
2023-09-22,9,"None",5
2023-09-23,1,"None",130
2023-09-23,2,"None",109
2023-09-23,3,"None",75
2023-09-23,4,"None",266
2023-09-23,5,"None",3046
2023-09-23,6,"None",476
2023-09-23,7,"None",759
2023-09-23,8,"None",68
2023-09-23,9,"None",5
2023-09-24,1,"None",65
2023-09-24,2,"None",60
2023-09-24,3,"None",43
2023-09-24,4,"None",90
2023-09-24,5,"None",1768
2023-09-24,6,"None",100
2023-09-24,7,"None",137
2023-09-24,8,"None",10
2023-09-24,9,"None",5
2023-09-25,1,"None",247
2023-09-25,2,"None",273
2023-09-25,3,"None",164
2023-09-25,4,"None",396
2023-09-25,5,"None",3852
2023-09-25,6,"None",708
2023-09-25,7,"None",1587
2023-09-25,8,"None",82
2023-09-26,1,"None",239
2023-09-26,2,"None",221
2023-09-26,3,"None",179
2023-09-26,4,"None",362
2023-09-26,5,"None",4306
2023-09-26,6,"None",598
2023-09-26,7,"None",1356
2023-09-26,8,"None",94
2023-09-26,9,"None",5
2023-09-27,1,"None",191
2023-09-27,2,"None",176
2023-09-27,3,"None",144
2023-09-27,4,"None",377
2023-09-27,5,"None",4516
2023-09-27,6,"None",549
2023-09-27,7,"None",1333
2023-09-27,8,"None",73
2023-09-27,9,"None",5
2023-09-28,1,"None",211
2023-09-28,2,"None",247
2023-09-28,3,"None",190
2023-09-28,4,"None",399
2023-09-28,5,"None",5503
2023-09-28,6,"None",782
2023-09-28,7,"None",1597
2023-09-28,8,"None",95
2023-09-29,1,"None",216
2023-09-29,2,"None",207
2023-09-29,3,"None",145
2023-09-29,4,"None",454
2023-09-29,5,"None",5045
2023-09-29,6,"None",736
2023-09-29,7,"None",1582
2023-09-29,8,"None",73
2023-09-30,1,"None",243
2023-09-30,2,"None",228
2023-09-30,3,"None",196
2023-09-30,4,"None",367
2023-09-30,5,"None",5849
2023-09-30,6,"None",1858
2023-09-30,7,"None",3401
2023-09-30,8,"None",317
2023-09-30,9,"None",5
2023-10-01,1,"None",41
2023-10-01,2,"None",46
2023-10-01,3,"None",36
2023-10-01,4,"None",64
2023-10-01,5,"None",951
2023-10-01,6,"None",233
2023-10-01,7,"None",680
2023-10-01,8,"None",24
2023-10-02,1,"a_2023",261
2023-10-02,2,"a_2023",175
2023-10-02,3,"a_2023",159
2023-10-02,4,"a_2023",400
2023-10-02,5,"a_2023",5746
2023-10-02,6,"a_2023",841
2023-10-02,7,"a_2023",1831
2023-10-02,8,"a_2023",91
2023-10-02,9,"a_2023",5
2023-10-03,1,"a_2023",321
2023-10-03,2,"a_2023",303
2023-10-03,3,"a_2023",300
2023-10-03,4,"a_2023",733
2023-10-03,5,"a_2023",6976
2023-10-03,6,"a_2023",1338
2023-10-03,7,"a_2023",2770
2023-10-03,8,"a_2023",104
2023-10-04,1,"a_2023",296
2023-10-04,2,"a_2023",326
2023-10-04,3,"a_2023",260
2023-10-04,4,"a_2023",525
2023-10-04,5,"a_2023",6838
2023-10-04,6,"a_2023",1123
2023-10-04,7,"a_2023",2303
2023-10-04,8,"a_2023",153
2023-10-05,1,"a_2023",297
2023-10-05,2,"a_2023",274
2023-10-05,3,"a_2023",214
2023-10-05,4,"a_2023",468
2023-10-05,5,"a_2023",6370
2023-10-05,6,"a_2023",999
2023-10-05,7,"a_2023",2157
2023-10-05,8,"a_2023",219
2023-10-05,9,"a_2023",5
2023-10-06,1,"a_2023",249
2023-10-06,2,"a_2023",259
2023-10-06,3,"a_2023",177
2023-10-06,4,"a_2023",447
2023-10-06,5,"a_2023",5702
2023-10-06,6,"a_2023",807
2023-10-06,7,"a_2023",1903
2023-10-06,8,"a_2023",143
2023-10-07,1,"a_2023",295
2023-10-07,2,"a_2023",249
2023-10-07,3,"a_2023",258
2023-10-07,4,"a_2023",715
2023-10-07,5,"a_2023",9464
2023-10-07,6,"a_2023",2678
2023-10-07,7,"a_2023",4830
2023-10-07,8,"a_2023",232
2023-10-07,9,"a_2023",5
2023-10-08,1,"a_2023",110
2023-10-08,2,"a_2023",99
2023-10-08,3,"a_2023",88
2023-10-08,4,"a_2023",180
2023-10-08,5,"a_2023",2622
2023-10-08,6,"a_2023",414
2023-10-08,7,"a_2023",1389
2023-10-08,8,"a_2023",61
2023-10-09,1,"a_2023",197
2023-10-09,2,"a_2023",159
2023-10-09,3,"a_2023",159
2023-10-09,4,"a_2023",341
2023-10-09,5,"a_2023",3828
2023-10-09,6,"a_2023",1030
2023-10-09,7,"a_2023",2668
2023-10-09,8,"a_2023",256
2023-10-09,9,"a_2023",5
2023-10-10,1,"a_2023",298
2023-10-10,2,"a_2023",305
2023-10-10,3,"a_2023",306
2023-10-10,4,"a_2023",742
2023-10-10,5,"a_2023",6073
2023-10-10,6,"a_2023",1237
2023-10-10,7,"a_2023",3001
2023-10-10,8,"a_2023",271
2023-10-11,1,"a_2023",287
2023-10-11,2,"a_2023",248
2023-10-11,3,"a_2023",184
2023-10-11,4,"a_2023",425
2023-10-11,5,"a_2023",5041
2023-10-11,6,"a_2023",1047
2023-10-11,7,"a_2023",2768
2023-10-11,8,"a_2023",230
2023-10-11,9,"a_2023",5
2023-10-12,1,"a_2023",301
2023-10-12,2,"a_2023",249
2023-10-12,3,"a_2023",187
2023-10-12,4,"a_2023",398
2023-10-12,5,"a_2023",5183
2023-10-12,6,"a_2023",1019
2023-10-12,7,"a_2023",2746
2023-10-12,8,"a_2023",245
2023-10-12,9,"a_2023",5
2023-10-13,1,"a_2023",223
2023-10-13,2,"a_2023",212
2023-10-13,3,"a_2023",150
2023-10-13,4,"a_2023",400
2023-10-13,5,"a_2023",4904
2023-10-13,6,"a_2023",1011
2023-10-13,7,"a_2023",2563
2023-10-13,8,"a_2023",166
2023-10-14,1,"a_2023",212
2023-10-14,2,"a_2023",199
2023-10-14,3,"a_2023",143
2023-10-14,4,"a_2023",538
2023-10-14,5,"a_2023",6002
2023-10-14,6,"a_2023",1054
2023-10-14,7,"a_2023",2939
2023-10-14,8,"a_2023",209
2023-10-15,1,"a_2023",66
2023-10-15,2,"a_2023",47
2023-10-15,3,"a_2023",37
2023-10-15,4,"a_2023",113
2023-10-15,5,"a_2023",1237
2023-10-15,6,"a_2023",312
2023-10-15,7,"a_2023",1119
2023-10-15,8,"a_2023",85
2023-10-16,1,"a_2023",196
2023-10-16,2,"a_2023",184
2023-10-16,3,"a_2023",164
2023-10-16,4,"a_2023",291
2023-10-16,5,"a_2023",3318
2023-10-16,6,"a_2023",1237
2023-10-16,7,"a_2023",3640
2023-10-16,8,"a_2023",152
2023-10-17,1,"a_2023",269
2023-10-17,2,"a_2023",256
2023-10-17,3,"a_2023",225
2023-10-17,4,"a_2023",467
2023-10-17,5,"a_2023",4763
2023-10-17,6,"a_2023",1620
2023-10-17,7,"a_2023",4490
2023-10-17,8,"a_2023",236
2023-10-18,1,"a_2023",227
2023-10-18,2,"a_2023",217
2023-10-18,3,"a_2023",172
2023-10-18,4,"a_2023",404
2023-10-18,5,"a_2023",4327
2023-10-18,6,"a_2023",1438
2023-10-18,7,"a_2023",3961
2023-10-18,8,"a_2023",142
2023-10-19,1,"a_2023",162
2023-10-19,2,"a_2023",157
2023-10-19,3,"a_2023",162
2023-10-19,4,"a_2023",286
2023-10-19,5,"a_2023",3793
2023-10-19,6,"a_2023",1045
2023-10-19,7,"a_2023",3083
2023-10-19,8,"a_2023",152
2023-10-19,9,"a_2023",5
2023-10-20,1,"a_2023",148
2023-10-20,2,"a_2023",146
2023-10-20,3,"a_2023",132
2023-10-20,4,"a_2023",313
2023-10-20,5,"a_2023",3098
2023-10-20,6,"a_2023",855
2023-10-20,7,"a_2023",2276
2023-10-20,8,"a_2023",113
2023-10-21,1,"a_2023",190
2023-10-21,2,"a_2023",148
2023-10-21,3,"a_2023",184
2023-10-21,4,"a_2023",536
2023-10-21,5,"a_2023",4923
2023-10-21,6,"a_2023",1122
2023-10-21,7,"a_2023",2441
2023-10-21,8,"a_2023",172
2023-10-22,1,"a_2023",53
2023-10-22,2,"a_2023",32
2023-10-22,3,"a_2023",47
2023-10-22,4,"a_2023",111
2023-10-22,5,"a_2023",1019
2023-10-22,6,"a_2023",337
2023-10-22,7,"a_2023",1273
2023-10-22,8,"a_2023",50
2023-10-23,1,"a_2023",165
2023-10-23,2,"a_2023",140
2023-10-23,3,"a_2023",131
2023-10-23,4,"a_2023",274
2023-10-23,5,"a_2023",2664
2023-10-23,6,"a_2023",1127
2023-10-23,7,"a_2023",3625
2023-10-23,8,"a_2023",170
2023-10-24,1,"a_2023",239
2023-10-24,2,"a_2023",237
2023-10-24,3,"a_2023",200
2023-10-24,4,"a_2023",613
2023-10-24,5,"a_2023",5202
2023-10-24,6,"a_2023",1603
2023-10-24,7,"a_2023",4466
2023-10-24,8,"a_2023",183
2023-10-25,1,"a_2023",229
2023-10-25,2,"a_2023",168
2023-10-25,3,"a_2023",146
2023-10-25,4,"a_2023",312
2023-10-25,5,"a_2023",3854
2023-10-25,6,"a_2023",1039
2023-10-25,7,"a_2023",3208
2023-10-25,8,"a_2023",118
2023-10-26,1,"a_2023",242
2023-10-26,2,"a_2023",242
2023-10-26,3,"a_2023",179
2023-10-26,4,"a_2023",346
2023-10-26,5,"a_2023",4204
2023-10-26,6,"a_2023",1252
2023-10-26,7,"a_2023",3502
2023-10-26,8,"a_2023",129
2023-10-27,1,"a_2023",205
2023-10-27,2,"a_2023",172
2023-10-27,3,"a_2023",202
2023-10-27,4,"a_2023",350
2023-10-27,5,"a_2023",3401
2023-10-27,6,"a_2023",988
2023-10-27,7,"a_2023",2826
2023-10-27,8,"a_2023",84
2023-10-28,1,"a_2023",132
2023-10-28,2,"a_2023",124
2023-10-28,3,"a_2023",159
2023-10-28,4,"a_2023",277
2023-10-28,5,"a_2023",2057
2023-10-28,6,"a_2023",704
2023-10-28,7,"a_2023",1801
2023-10-28,8,"a_2023",85
2023-10-29,1,"a_2023",70
2023-10-29,2,"a_2023",52
2023-10-29,3,"a_2023",43
2023-10-29,4,"a_2023",79
2023-10-29,5,"a_2023",1126
2023-10-29,6,"a_2023",257
2023-10-29,7,"a_2023",693
2023-10-29,8,"a_2023",35
2023-10-30,1,"a_2023",215
2023-10-30,2,"a_2023",180
2023-10-30,3,"a_2023",136
2023-10-30,4,"a_2023",294
2023-10-30,5,"a_2023",2660
2023-10-30,6,"a_2023",897
2023-10-30,7,"a_2023",2694
2023-10-30,8,"a_2023",107
2023-10-31,1,"a_2023",189
2023-10-31,2,"a_2023",158
2023-10-31,3,"a_2023",145
2023-10-31,4,"a_2023",288
2023-10-31,5,"a_2023",2706
2023-10-31,6,"a_2023",1029
2023-10-31,7,"a_2023",2818
2023-10-31,8,"a_2023",123
2023-10-31,9,"a_2023",5
2023-11-01,1,"a_2023",200
2023-11-01,2,"a_2023",145
2023-11-01,3,"a_2023",138
2023-11-01,4,"a_2023",311
2023-11-01,5,"a_2023",2747
2023-11-01,6,"a_2023",881
2023-11-01,7,"a_2023",2526
2023-11-01,8,"a_2023",99
2023-11-02,1,"a_2023",180
2023-11-02,2,"a_2023",155
2023-11-02,3,"a_2023",139
2023-11-02,4,"a_2023",241
2023-11-02,5,"a_2023",2931
2023-11-02,6,"a_2023",941
2023-11-02,7,"a_2023",2729
2023-11-02,8,"a_2023",93
2023-11-02,9,"a_2023",5
2023-11-03,1,"a_2023",199
2023-11-03,2,"a_2023",146
2023-11-03,3,"a_2023",152
2023-11-03,4,"a_2023",348
2023-11-03,5,"a_2023",2661
2023-11-03,6,"a_2023",777
2023-11-03,7,"a_2023",2221
2023-11-03,8,"a_2023",92
2023-11-04,1,"a_2023",172
2023-11-04,2,"a_2023",143
2023-11-04,3,"a_2023",149
2023-11-04,4,"a_2023",266
2023-11-04,5,"a_2023",2185
2023-11-04,6,"a_2023",626
2023-11-04,7,"a_2023",1701
2023-11-04,8,"a_2023",84
2023-11-05,1,"a_2023",96
2023-11-05,2,"a_2023",72
2023-11-05,3,"a_2023",74
2023-11-05,4,"a_2023",133
2023-11-05,5,"a_2023",1131
2023-11-05,6,"a_2023",403
2023-11-05,7,"a_2023",516
2023-11-05,8,"a_2023",38
2023-11-06,1,"a_2023",138
2023-11-06,2,"a_2023",166
2023-11-06,3,"a_2023",91
2023-11-06,4,"a_2023",212
2023-11-06,5,"a_2023",2799
2023-11-06,6,"a_2023",785
2023-11-06,7,"a_2023",1862
2023-11-06,8,"a_2023",73
2023-11-07,1,"a_2023",170
2023-11-07,2,"a_2023",154
2023-11-07,3,"a_2023",154
2023-11-07,4,"a_2023",280
2023-11-07,5,"a_2023",3217
2023-11-07,6,"a_2023",795
2023-11-07,7,"a_2023",2233
2023-11-07,8,"a_2023",73
2023-11-08,1,"a_2023",194
2023-11-08,2,"a_2023",129
2023-11-08,3,"a_2023",136
2023-11-08,4,"a_2023",236
2023-11-08,5,"a_2023",2847
2023-11-08,6,"a_2023",731
2023-11-08,7,"a_2023",2059
2023-11-08,8,"a_2023",74
2023-11-08,9,"a_2023",5
2023-11-09,1,"a_2023",202
2023-11-09,2,"a_2023",154
2023-11-09,3,"a_2023",125
2023-11-09,4,"a_2023",267
2023-11-09,5,"a_2023",3336
2023-11-09,6,"a_2023",784
2023-11-09,7,"a_2023",1957
2023-11-09,8,"a_2023",76
2023-11-10,1,"a_2023",196
2023-11-10,2,"a_2023",146
2023-11-10,3,"a_2023",109
2023-11-10,4,"a_2023",261
2023-11-10,5,"a_2023",3066
2023-11-10,6,"a_2023",633
2023-11-10,7,"a_2023",1238
2023-11-10,8,"a_2023",58
2023-11-11,1,"a_2023",150
2023-11-11,2,"a_2023",115
2023-11-11,3,"a_2023",99
2023-11-11,4,"a_2023",275
2023-11-11,5,"a_2023",2404
2023-11-11,6,"a_2023",552
2023-11-11,7,"a_2023",1036
2023-11-11,8,"a_2023",52
2023-11-12,1,"a_2023",78
2023-11-12,2,"a_2023",56
2023-11-12,3,"a_2023",47
2023-11-12,4,"a_2023",132
2023-11-12,5,"a_2023",1204
2023-11-12,6,"a_2023",250
2023-11-12,7,"a_2023",668
2023-11-12,8,"a_2023",20
2023-11-13,1,"a_2023",203
2023-11-13,2,"a_2023",111
2023-11-13,3,"a_2023",124
2023-11-13,4,"a_2023",250
2023-11-13,5,"a_2023",3288
2023-11-13,6,"a_2023",536
2023-11-13,7,"a_2023",1541
2023-11-13,8,"a_2023",56
2023-11-13,9,"a_2023",5
2023-11-14,1,"a_2023",163
2023-11-14,2,"a_2023",120
2023-11-14,3,"a_2023",118
2023-11-14,4,"a_2023",269
2023-11-14,5,"a_2023",3602
2023-11-14,6,"a_2023",565
2023-11-14,7,"a_2023",1378
2023-11-14,8,"a_2023",64
2023-11-15,1,"a_2023",164
2023-11-15,2,"a_2023",120
2023-11-15,3,"a_2023",112
2023-11-15,4,"a_2023",328
2023-11-15,5,"a_2023",3229
2023-11-15,6,"a_2023",482
2023-11-15,7,"a_2023",1155
2023-11-15,8,"a_2023",60
2023-11-16,1,"a_2023",191
2023-11-16,2,"a_2023",146
2023-11-16,3,"a_2023",147
2023-11-16,4,"a_2023",345
2023-11-16,5,"a_2023",3586
2023-11-16,6,"a_2023",659
2023-11-16,7,"a_2023",1502
2023-11-16,8,"a_2023",55
2023-11-16,9,"a_2023",5
2023-11-17,1,"a_2023",184
2023-11-17,2,"a_2023",138
2023-11-17,3,"a_2023",109
2023-11-17,4,"a_2023",271
2023-11-17,5,"a_2023",3067
2023-11-17,6,"a_2023",479
2023-11-17,7,"a_2023",1164
2023-11-17,8,"a_2023",58
2023-11-18,1,"a_2023",108
2023-11-18,2,"a_2023",76
2023-11-18,3,"a_2023",89
2023-11-18,4,"a_2023",197
2023-11-18,5,"a_2023",1695
2023-11-18,6,"a_2023",333
2023-11-18,7,"a_2023",816
2023-11-18,8,"a_2023",46
2023-11-19,1,"a_2023",62
2023-11-19,2,"a_2023",39
2023-11-19,3,"a_2023",34
2023-11-19,4,"a_2023",89
2023-11-19,5,"a_2023",864
2023-11-19,6,"a_2023",140
2023-11-19,7,"a_2023",326
2023-11-19,8,"a_2023",11
2023-11-20,1,"a_2023",149
2023-11-20,2,"a_2023",151
2023-11-20,3,"a_2023",103
2023-11-20,4,"a_2023",221
2023-11-20,5,"a_2023",3685
2023-11-20,6,"a_2023",367
2023-11-20,7,"a_2023",797
2023-11-20,8,"a_2023",48
2023-11-21,1,"a_2023",152
2023-11-21,2,"a_2023",142
2023-11-21,3,"a_2023",115
2023-11-21,4,"a_2023",254
2023-11-21,5,"a_2023",3965
2023-11-21,6,"a_2023",417
2023-11-21,7,"a_2023",802
2023-11-21,8,"a_2023",45
2023-11-22,1,"a_2023",161
2023-11-22,2,"a_2023",139
2023-11-22,3,"a_2023",117
2023-11-22,4,"a_2023",294
2023-11-22,5,"a_2023",3477
2023-11-22,6,"a_2023",359
2023-11-22,7,"a_2023",610
2023-11-22,8,"a_2023",38
2023-11-23,1,"a_2023",158
2023-11-23,2,"a_2023",139
2023-11-23,3,"a_2023",98
2023-11-23,4,"a_2023",243
2023-11-23,5,"a_2023",3281
2023-11-23,6,"a_2023",404
2023-11-23,7,"a_2023",804
2023-11-23,8,"a_2023",48
2023-11-23,9,"a_2023",5
2023-11-24,1,"a_2023",151
2023-11-24,2,"a_2023",116
2023-11-24,3,"a_2023",107
2023-11-24,4,"a_2023",261
2023-11-24,5,"a_2023",3416
2023-11-24,6,"a_2023",384
2023-11-24,7,"a_2023",799
2023-11-24,8,"a_2023",29
2023-11-25,1,"a_2023",131
2023-11-25,2,"a_2023",104
2023-11-25,3,"a_2023",82
2023-11-25,4,"a_2023",215
2023-11-25,5,"a_2023",2503
2023-11-25,6,"a_2023",312
2023-11-25,7,"a_2023",543
2023-11-25,8,"a_2023",30
2023-11-26,1,"a_2023",99
2023-11-26,2,"a_2023",68
2023-11-26,3,"a_2023",44
2023-11-26,4,"a_2023",98
2023-11-26,5,"a_2023",2179
2023-11-26,6,"a_2023",96
2023-11-26,7,"a_2023",144
2023-11-26,8,"a_2023",14
2023-11-27,1,"a_2023",160
2023-11-27,2,"a_2023",159
2023-11-27,3,"a_2023",105
2023-11-27,4,"a_2023",251
2023-11-27,5,"a_2023",4092
2023-11-27,6,"a_2023",357
2023-11-27,7,"a_2023",566
2023-11-27,8,"a_2023",32
2023-11-28,1,"a_2023",207
2023-11-28,2,"a_2023",145
2023-11-28,3,"a_2023",119
2023-11-28,4,"a_2023",269
2023-11-28,5,"a_2023",4742
2023-11-28,6,"a_2023",312
2023-11-28,7,"a_2023",513
2023-11-28,8,"a_2023",40
2023-11-29,1,"a_2023",182
2023-11-29,2,"a_2023",103
2023-11-29,3,"a_2023",82
2023-11-29,4,"a_2023",243
2023-11-29,5,"a_2023",3413
2023-11-29,6,"a_2023",218
2023-11-29,7,"a_2023",376
2023-11-29,8,"a_2023",23
2023-11-30,1,"a_2023",170
2023-11-30,2,"a_2023",100
2023-11-30,3,"a_2023",119
2023-11-30,4,"a_2023",255
2023-11-30,5,"a_2023",3988
2023-11-30,6,"a_2023",274
2023-11-30,7,"a_2023",405
2023-11-30,8,"a_2023",28
2023-12-01,1,"a_2023",142
2023-12-01,2,"a_2023",135
2023-12-01,3,"a_2023",96
2023-12-01,4,"a_2023",252
2023-12-01,5,"a_2023",3240
2023-12-01,6,"a_2023",251
2023-12-01,7,"a_2023",363
2023-12-01,8,"a_2023",20
2023-12-02,1,"a_2023",107
2023-12-02,2,"a_2023",88
2023-12-02,3,"a_2023",48
2023-12-02,4,"a_2023",175
2023-12-02,5,"a_2023",2060
2023-12-02,6,"a_2023",229
2023-12-02,7,"a_2023",216
2023-12-02,8,"a_2023",14
2023-12-03,1,"a_2023",64
2023-12-03,2,"a_2023",26
2023-12-03,3,"a_2023",28
2023-12-03,4,"a_2023",100
2023-12-03,5,"a_2023",1169
2023-12-03,6,"a_2023",67
2023-12-03,7,"a_2023",105
2023-12-03,8,"a_2023",6
2023-12-04,1,"a_2023",187
2023-12-04,2,"a_2023",148
2023-12-04,3,"a_2023",89
2023-12-04,4,"a_2023",289
2023-12-04,5,"a_2023",2981
2023-12-04,6,"a_2023",210
2023-12-04,7,"a_2023",445
2023-12-04,8,"a_2023",37
2023-12-05,1,"a_2023",156
2023-12-05,2,"a_2023",119
2023-12-05,3,"a_2023",106
2023-12-05,4,"a_2023",296
2023-12-05,5,"a_2023",3587
2023-12-05,6,"a_2023",223
2023-12-05,7,"a_2023",353
2023-12-05,8,"a_2023",35
2023-12-06,1,"a_2023",156
2023-12-06,2,"a_2023",103
2023-12-06,3,"a_2023",76
2023-12-06,4,"a_2023",226
2023-12-06,5,"a_2023",2969
2023-12-06,6,"a_2023",195
2023-12-06,7,"a_2023",283
2023-12-06,8,"a_2023",23
2023-12-07,1,"a_2023",167
2023-12-07,2,"a_2023",109
2023-12-07,3,"a_2023",93
2023-12-07,4,"a_2023",269
2023-12-07,5,"a_2023",3111
2023-12-07,6,"a_2023",210
2023-12-07,7,"a_2023",312
2023-12-07,8,"a_2023",27
2023-12-08,1,"a_2023",167
2023-12-08,2,"a_2023",95
2023-12-08,3,"a_2023",115
2023-12-08,4,"a_2023",266
2023-12-08,5,"a_2023",2925
2023-12-08,6,"a_2023",154
2023-12-08,7,"a_2023",250
2023-12-08,8,"a_2023",21
2023-12-09,1,"a_2023",110
2023-12-09,2,"a_2023",101
2023-12-09,3,"a_2023",78
2023-12-09,4,"a_2023",196
2023-12-09,5,"a_2023",1723
2023-12-09,6,"a_2023",141
2023-12-09,7,"a_2023",409
2023-12-09,8,"a_2023",18
2023-12-10,1,"a_2023",64
2023-12-10,2,"a_2023",26
2023-12-10,3,"a_2023",31
2023-12-10,4,"a_2023",115
2023-12-10,5,"a_2023",824
2023-12-10,6,"a_2023",72
2023-12-10,7,"a_2023",136
2023-12-10,8,"a_2023",8
2023-12-11,1,"a_2023",88
2023-12-11,2,"a_2023",89
2023-12-11,3,"a_2023",50
2023-12-11,4,"a_2023",181
2023-12-11,5,"a_2023",1872
2023-12-11,6,"a_2023",199
2023-12-11,7,"a_2023",372
2023-12-11,8,"a_2023",17
2023-12-12,1,"a_2023",124
2023-12-12,2,"a_2023",84
2023-12-12,3,"a_2023",57
2023-12-12,4,"a_2023",211
2023-12-12,5,"a_2023",2122
2023-12-12,6,"a_2023",184
2023-12-12,7,"a_2023",405
2023-12-12,8,"a_2023",19
2023-12-13,1,"a_2023",110
2023-12-13,2,"a_2023",83
2023-12-13,3,"a_2023",59
2023-12-13,4,"a_2023",190
2023-12-13,5,"a_2023",1716
2023-12-13,6,"a_2023",140
2023-12-13,7,"a_2023",201
2023-12-13,8,"a_2023",18
2023-12-14,1,"a_2023",122
2023-12-14,2,"a_2023",77
2023-12-14,3,"a_2023",61
2023-12-14,4,"a_2023",158
2023-12-14,5,"a_2023",1496
2023-12-14,6,"a_2023",143
2023-12-14,7,"a_2023",219
2023-12-14,8,"a_2023",16
2023-12-15,1,"a_2023",124
2023-12-15,2,"a_2023",59
2023-12-15,3,"a_2023",67
2023-12-15,4,"a_2023",159
2023-12-15,5,"a_2023",1513
2023-12-15,6,"a_2023",154
2023-12-15,7,"a_2023",240
2023-12-15,8,"a_2023",17
2023-12-16,1,"a_2023",51
2023-12-16,2,"a_2023",35
2023-12-16,3,"a_2023",22
2023-12-16,4,"a_2023",84
2023-12-16,5,"a_2023",630
2023-12-16,6,"a_2023",39
2023-12-16,7,"a_2023",82
2023-12-16,8,"a_2023",6
2023-12-17,1,"a_2023",36
2023-12-17,2,"a_2023",12
2023-12-17,3,"a_2023",12
2023-12-17,4,"a_2023",47
2023-12-17,5,"a_2023",268
2023-12-17,6,"a_2023",25
2023-12-17,7,"a_2023",28
2023-12-17,8,"a_2023",5
2023-12-18,1,"a_2023",134
2023-12-18,2,"a_2023",47
2023-12-18,3,"a_2023",46
2023-12-18,4,"a_2023",165
2023-12-18,5,"a_2023",1114
2023-12-18,6,"a_2023",129
2023-12-18,7,"a_2023",223
2023-12-18,8,"a_2023",6
2023-12-19,1,"a_2023",81
2023-12-19,2,"a_2023",57
2023-12-19,3,"a_2023",56
2023-12-19,4,"a_2023",168
2023-12-19,5,"a_2023",1061
2023-12-19,6,"a_2023",131
2023-12-19,7,"a_2023",147
2023-12-19,8,"a_2023",5
2023-12-20,1,"a_2023",103
2023-12-20,2,"a_2023",43
2023-12-20,3,"a_2023",37
2023-12-20,4,"a_2023",147
2023-12-20,5,"a_2023",886
2023-12-20,6,"a_2023",93
2023-12-20,7,"a_2023",127
2023-12-20,8,"a_2023",7
2023-12-21,1,"a_2023",78
2023-12-21,2,"a_2023",38
2023-12-21,3,"a_2023",41
2023-12-21,4,"a_2023",99
2023-12-21,5,"a_2023",753
2023-12-21,6,"a_2023",89
2023-12-21,7,"a_2023",93
2023-12-21,8,"a_2023",11
2023-12-22,1,"a_2023",70
2023-12-22,2,"a_2023",45
2023-12-22,3,"a_2023",52
2023-12-22,4,"a_2023",91
2023-12-22,5,"a_2023",621
2023-12-22,6,"a_2023",75
2023-12-22,7,"a_2023",83
2023-12-22,8,"a_2023",5
2023-12-23,1,"a_2023",11
2023-12-23,2,"a_2023",9
2023-12-23,3,"a_2023",7
2023-12-23,4,"a_2023",18
2023-12-23,5,"a_2023",256
2023-12-23,6,"a_2023",15
2023-12-23,7,"a_2023",25
2023-12-23,8,"a_2023",5
2023-12-24,1,"a_2023",7
2023-12-24,2,"a_2023",5
2023-12-24,4,"a_2023",6
2023-12-24,5,"a_2023",16
2023-12-24,6,"a_2023",5
2023-12-24,7,"a_2023",9
2023-12-24,8,"a_2023",5
2023-12-27,1,"a_2023",20
2023-12-27,2,"a_2023",17
2023-12-27,3,"a_2023",19
2023-12-27,4,"a_2023",54
2023-12-27,5,"a_2023",341
2023-12-27,6,"a_2023",39
2023-12-27,7,"a_2023",92
2023-12-27,8,"a_2023",5
2023-12-28,1,"a_2023",38
2023-12-28,2,"a_2023",13
2023-12-28,3,"a_2023",24
2023-12-28,4,"a_2023",69
2023-12-28,5,"a_2023",594
2023-12-28,6,"a_2023",45
2023-12-28,7,"a_2023",72
2023-12-28,8,"a_2023",9
2023-12-29,1,"a_2023",61
2023-12-29,2,"a_2023",36
2023-12-29,3,"a_2023",10
2023-12-29,4,"a_2023",38
2023-12-29,5,"a_2023",445
2023-12-29,6,"a_2023",39
2023-12-29,7,"a_2023",78
2023-12-29,8,"a_2023",5
2023-12-30,1,"a_2023",17
2023-12-30,2,"a_2023",13
2023-12-30,3,"a_2023",9
2023-12-30,4,"a_2023",23
2023-12-30,5,"a_2023",347
2023-12-30,6,"a_2023",16
2023-12-30,7,"a_2023",14
2023-12-30,8,"a_2023",5
2023-12-31,1,"a_2023",5
2023-12-31,3,"a_2023",5
2023-12-31,4,"a_2023",5
2023-12-31,5,"a_2023",9
2024-01-02,1,"a_2023",16
2024-01-02,2,"a_2023",9
2024-01-02,3,"a_2023",10
2024-01-02,4,"a_2023",18
2024-01-02,5,"a_2023",195
2024-01-02,6,"a_2023",14
2024-01-02,7,"a_2023",22
2024-01-02,8,"a_2023",5
2024-01-03,1,"a_2023",37
2024-01-03,2,"a_2023",16
2024-01-03,3,"a_2023",16
2024-01-03,4,"a_2023",54
2024-01-03,5,"a_2023",354
2024-01-03,6,"a_2023",41
2024-01-03,7,"a_2023",48
2024-01-03,8,"a_2023",15
2024-01-04,1,"a_2023",42
2024-01-04,2,"a_2023",27
2024-01-04,3,"a_2023",16
2024-01-04,4,"a_2023",49
2024-01-04,5,"a_2023",516
2024-01-04,6,"a_2023",40
2024-01-04,7,"a_2023",72
2024-01-04,8,"a_2023",8
2024-01-05,1,"a_2023",47
2024-01-05,2,"a_2023",15
2024-01-05,3,"a_2023",14
2024-01-05,4,"a_2023",41
2024-01-05,5,"a_2023",306
2024-01-05,6,"a_2023",36
2024-01-05,7,"a_2023",48
2024-01-05,8,"a_2023",11
2024-01-06,1,"a_2023",18
2024-01-06,2,"a_2023",11
2024-01-06,3,"a_2023",5
2024-01-06,4,"a_2023",19
2024-01-06,5,"a_2023",107
2024-01-06,6,"a_2023",11
2024-01-06,7,"a_2023",38
2024-01-06,8,"a_2023",8
2024-01-07,1,"a_2023",6
2024-01-07,2,"a_2023",5
2024-01-07,3,"a_2023",6
2024-01-07,4,"a_2023",7
2024-01-07,5,"a_2023",61
2024-01-07,6,"a_2023",5
2024-01-07,7,"a_2023",22
2024-01-07,8,"a_2023",5
2024-01-08,1,"a_2023",31
2024-01-08,2,"a_2023",10
2024-01-08,3,"a_2023",10
2024-01-08,4,"a_2023",28
2024-01-08,5,"a_2023",256
2024-01-08,6,"a_2023",57
2024-01-08,7,"a_2023",83
2024-01-08,8,"a_2023",9
2024-01-09,1,"a_2023",21
2024-01-09,2,"a_2023",8
2024-01-09,3,"a_2023",10
2024-01-09,4,"a_2023",33
2024-01-09,5,"a_2023",211
2024-01-09,6,"a_2023",32
2024-01-09,7,"a_2023",39
2024-01-09,8,"a_2023",5
2024-01-10,1,"a_2023",20
2024-01-10,2,"a_2023",12
2024-01-10,3,"a_2023",8
2024-01-10,4,"a_2023",33
2024-01-10,5,"a_2023",263
2024-01-10,6,"a_2023",44
2024-01-10,7,"a_2023",44
2024-01-10,8,"a_2023",5
2024-01-11,1,"a_2023",22
2024-01-11,2,"a_2023",27
2024-01-11,3,"a_2023",19
2024-01-11,4,"a_2023",49
2024-01-11,5,"a_2023",413
2024-01-11,6,"a_2023",29
2024-01-11,7,"a_2023",52
2024-01-11,8,"a_2023",5
2024-01-12,1,"a_2023",38
2024-01-12,2,"a_2023",34
2024-01-12,3,"a_2023",11
2024-01-12,4,"a_2023",47
2024-01-12,5,"a_2023",311
2024-01-12,6,"a_2023",55
2024-01-12,7,"a_2023",46
2024-01-12,8,"a_2023",5
2024-01-13,1,"a_2023",20
2024-01-13,2,"a_2023",11
2024-01-13,3,"a_2023",11
2024-01-13,4,"a_2023",20
2024-01-13,5,"a_2023",152
2024-01-13,6,"a_2023",22
2024-01-13,7,"a_2023",41
2024-01-13,8,"a_2023",5
2024-01-14,1,"a_2023",11
2024-01-14,2,"a_2023",5
2024-01-14,3,"a_2023",5
2024-01-14,4,"a_2023",15
2024-01-14,5,"a_2023",42
2024-01-14,6,"a_2023",9
2024-01-14,7,"a_2023",6
2024-01-15,1,"a_2023",18
2024-01-15,2,"a_2023",10
2024-01-15,3,"a_2023",13
2024-01-15,4,"a_2023",26
2024-01-15,5,"a_2023",254
2024-01-15,6,"a_2023",49
2024-01-15,7,"a_2023",87
2024-01-16,1,"a_2023",26
2024-01-16,2,"a_2023",18
2024-01-16,3,"a_2023",12
2024-01-16,4,"a_2023",39
2024-01-16,5,"a_2023",286
2024-01-16,6,"a_2023",41
2024-01-16,7,"a_2023",65
2024-01-16,8,"a_2023",5
2024-01-16,9,"a_2023",5
2024-01-17,1,"a_2023",20
2024-01-17,2,"a_2023",10
2024-01-17,3,"a_2023",8
2024-01-17,4,"a_2023",22
2024-01-17,5,"a_2023",236
2024-01-17,6,"a_2023",21
2024-01-17,7,"a_2023",20
2024-01-17,8,"a_2023",5
2024-01-18,1,"a_2023",22
2024-01-18,2,"a_2023",18
2024-01-18,3,"a_2023",13
2024-01-18,4,"a_2023",31
2024-01-18,5,"a_2023",396
2024-01-18,6,"a_2023",22
2024-01-18,7,"a_2023",23
2024-01-18,8,"a_2023",5
2024-01-19,1,"a_2023",29
2024-01-19,2,"a_2023",11
2024-01-19,3,"a_2023",14
2024-01-19,4,"a_2023",43
2024-01-19,5,"a_2023",287
2024-01-19,6,"a_2023",39
2024-01-19,7,"a_2023",40
2024-01-19,8,"a_2023",5
2024-01-19,9,"a_2023",5
2024-01-20,1,"a_2023",25
2024-01-20,2,"a_2023",12
2024-01-20,3,"a_2023",11
2024-01-20,4,"a_2023",21
2024-01-20,5,"a_2023",262
2024-01-20,6,"a_2023",13
2024-01-20,7,"a_2023",11
2024-01-20,8,"a_2023",5
2024-01-21,1,"a_2023",11
2024-01-21,2,"a_2023",5
2024-01-21,3,"a_2023",5
2024-01-21,4,"a_2023",10
2024-01-21,5,"a_2023",36
2024-01-21,6,"a_2023",5
2024-01-21,7,"a_2023",5
2024-01-22,1,"a_2023",25
2024-01-22,2,"a_2023",11
2024-01-22,3,"a_2023",9
2024-01-22,4,"a_2023",27
2024-01-22,5,"a_2023",233
2024-01-22,6,"a_2023",16
2024-01-22,7,"a_2023",30
2024-01-22,8,"a_2023",5
2024-01-23,1,"a_2023",26
2024-01-23,2,"a_2023",5
2024-01-23,3,"a_2023",7
2024-01-23,4,"a_2023",32
2024-01-23,5,"a_2023",188
2024-01-23,6,"a_2023",21
2024-01-23,7,"a_2023",13
2024-01-23,8,"a_2023",5
2024-01-24,1,"a_2023",29
2024-01-24,2,"a_2023",5
2024-01-24,3,"a_2023",12
2024-01-24,4,"a_2023",27
2024-01-24,5,"a_2023",194
2024-01-24,6,"a_2023",21
2024-01-24,7,"a_2023",29
2024-01-24,8,"a_2023",5
2024-01-25,1,"a_2023",24
2024-01-25,2,"a_2023",8
2024-01-25,3,"a_2023",12
2024-01-25,4,"a_2023",41
2024-01-25,5,"a_2023",208
2024-01-25,6,"a_2023",24
2024-01-25,7,"a_2023",28
2024-01-25,8,"a_2023",5
2024-01-26,1,"a_2023",24
2024-01-26,2,"a_2023",20
2024-01-26,3,"a_2023",8
2024-01-26,4,"a_2023",36
2024-01-26,5,"a_2023",218
2024-01-26,6,"a_2023",24
2024-01-26,7,"a_2023",35
2024-01-26,8,"a_2023",14
2024-01-27,1,"a_2023",20
2024-01-27,2,"a_2023",14
2024-01-27,3,"a_2023",7
2024-01-27,4,"a_2023",27
2024-01-27,5,"a_2023",261
2024-01-27,6,"a_2023",19
2024-01-27,7,"a_2023",13
2024-01-27,8,"a_2023",5
2024-01-28,1,"a_2023",5
2024-01-28,2,"a_2023",5
2024-01-28,3,"a_2023",5
2024-01-28,4,"a_2023",6
2024-01-28,5,"a_2023",21
2024-01-28,6,"a_2023",5
2024-01-28,7,"a_2023",5
2024-01-28,8,"a_2023",5
2024-01-29,1,"a_2023",22
2024-01-29,2,"a_2023",9
2024-01-29,3,"a_2023",15
2024-01-29,4,"a_2023",23
2024-01-29,5,"a_2023",124
2024-01-29,6,"a_2023",41
2024-01-29,7,"a_2023",33
2024-01-29,8,"a_2023",22
2024-01-30,1,"a_2023",26
2024-01-30,2,"a_2023",5
2024-01-30,3,"a_2023",8
2024-01-30,4,"a_2023",25
2024-01-30,5,"a_2023",98
2024-01-30,6,"a_2023",14
2024-01-30,7,"a_2023",24
2024-01-31,1,"a_2023",29
2024-01-31,2,"a_2023",11
2024-01-31,3,"a_2023",6
2024-01-31,4,"a_2023",32
2024-01-31,5,"a_2023",152
2024-01-31,6,"a_2023",24
2024-01-31,7,"a_2023",31
2024-02-01,1,"None",9
2024-02-01,2,"None",5
2024-02-01,3,"None",5
2024-02-01,4,"None",15
2024-02-01,5,"None",86
2024-02-01,6,"None",14
2024-02-01,7,"None",10
2024-02-02,1,"None",18
2024-02-02,2,"None",5
2024-02-02,3,"None",5
2024-02-02,4,"None",21
2024-02-02,5,"None",128
2024-02-02,6,"None",19
2024-02-02,7,"None",22
2024-02-02,8,"None",5
2024-02-03,1,"None",12
2024-02-03,2,"None",5
2024-02-03,3,"None",5
2024-02-03,4,"None",25
2024-02-03,5,"None",125
2024-02-03,6,"None",27
2024-02-03,7,"None",45
2024-02-03,8,"None",5
2024-02-04,1,"None",5
2024-02-04,2,"None",5
2024-02-04,3,"None",5
2024-02-04,4,"None",5
2024-02-04,5,"None",22
2024-02-04,6,"None",5
2024-02-04,7,"None",5
2024-02-04,8,"None",5
2024-02-05,1,"None",11
2024-02-05,2,"None",5
2024-02-05,3,"None",5
2024-02-05,4,"None",22
2024-02-05,5,"None",99
2024-02-05,6,"None",8
2024-02-05,7,"None",14
2024-02-05,8,"None",5
2024-02-06,1,"None",14
2024-02-06,2,"None",6
2024-02-06,3,"None",5
2024-02-06,4,"None",20
2024-02-06,5,"None",77
2024-02-06,6,"None",10
2024-02-06,7,"None",27
2024-02-06,8,"None",5
2024-02-07,1,"None",15
2024-02-07,2,"None",8
2024-02-07,3,"None",5
2024-02-07,4,"None",20
2024-02-07,5,"None",76
2024-02-07,6,"None",16
2024-02-07,7,"None",18
2024-02-07,8,"None",5
2024-02-08,1,"None",6
2024-02-08,2,"None",10
2024-02-08,3,"None",7
2024-02-08,4,"None",29
2024-02-08,5,"None",82
2024-02-08,6,"None",12
2024-02-08,7,"None",12
2024-02-08,8,"None",5
2024-02-09,1,"None",16
2024-02-09,2,"None",7
2024-02-09,3,"None",5
2024-02-09,4,"None",16
2024-02-09,5,"None",77
2024-02-09,6,"None",10
2024-02-09,7,"None",9
2024-02-09,8,"None",5
2024-02-10,1,"None",6
2024-02-10,2,"None",8
2024-02-10,3,"None",5
2024-02-10,4,"None",10
2024-02-10,5,"None",70
2024-02-10,6,"None",7
2024-02-10,7,"None",8
2024-02-10,8,"None",5
2024-02-11,1,"None",5
2024-02-11,4,"None",5
2024-02-11,5,"None",14
2024-02-11,6,"None",5
2024-02-12,1,"None",7
2024-02-12,2,"None",14
2024-02-12,3,"None",5
2024-02-12,4,"None",15
2024-02-12,5,"None",78
2024-02-12,6,"None",8
2024-02-12,7,"None",5
2024-02-13,1,"None",9
2024-02-13,2,"None",5
2024-02-13,3,"None",7
2024-02-13,4,"None",23
2024-02-13,5,"None",51
2024-02-13,6,"None",11
2024-02-13,7,"None",8
2024-02-13,8,"None",5
2024-02-14,1,"None",12
2024-02-14,2,"None",8
2024-02-14,3,"None",5
2024-02-14,4,"None",15
2024-02-14,5,"None",64
2024-02-14,6,"None",10
2024-02-14,7,"None",9
2024-02-14,8,"None",5
2024-02-15,1,"None",5
2024-02-15,2,"None",5
2024-02-15,3,"None",5
2024-02-15,4,"None",17
2024-02-15,5,"None",40
2024-02-15,6,"None",5
2024-02-15,7,"None",9
2024-02-16,1,"None",16
2024-02-16,2,"None",5
2024-02-16,3,"None",5
2024-02-16,4,"None",20
2024-02-16,5,"None",45
2024-02-16,6,"None",12
2024-02-16,7,"None",18
2024-02-17,1,"None",5
2024-02-17,2,"None",5
2024-02-17,3,"None",6
2024-02-17,4,"None",7
2024-02-17,5,"None",26
2024-02-17,6,"None",5
2024-02-17,7,"None",5
2024-02-18,1,"None",5
2024-02-18,2,"None",5
2024-02-18,3,"None",5
2024-02-18,4,"None",5
2024-02-18,5,"None",15
2024-02-18,6,"None",5
2024-02-19,1,"None",10
2024-02-19,2,"None",5
2024-02-19,3,"None",5
2024-02-19,4,"None",11
2024-02-19,5,"None",32
2024-02-19,6,"None",10
2024-02-19,7,"None",11
2024-02-19,8,"None",5
2024-02-20,1,"None",7
2024-02-20,2,"None",5
2024-02-20,3,"None",5
2024-02-20,4,"None",5
2024-02-20,5,"None",26
2024-02-20,6,"None",5
2024-02-20,7,"None",5
2024-02-20,8,"None",5
2024-02-21,1,"None",20
2024-02-21,2,"None",7
2024-02-21,3,"None",5
2024-02-21,4,"None",8
2024-02-21,5,"None",42
2024-02-21,6,"None",10
2024-02-21,7,"None",13
2024-02-22,1,"None",5
2024-02-22,2,"None",5
2024-02-22,3,"None",5
2024-02-22,4,"None",5
2024-02-22,5,"None",34
2024-02-22,6,"None",5
2024-02-22,7,"None",5
2024-02-23,1,"None",5
2024-02-23,2,"None",5
2024-02-23,3,"None",5
2024-02-23,4,"None",11
2024-02-23,5,"None",30
2024-02-23,6,"None",9
2024-02-23,7,"None",9
2024-02-24,1,"None",5
2024-02-24,2,"None",5
2024-02-24,3,"None",5
2024-02-24,4,"None",6
2024-02-24,5,"None",27
2024-02-24,7,"None",5
2024-02-24,8,"None",5
2024-02-25,4,"None",5
2024-02-25,5,"None",5
2024-02-26,1,"None",5
2024-02-26,2,"None",5
2024-02-26,4,"None",8
2024-02-26,5,"None",69
2024-02-26,6,"None",5
2024-02-26,7,"None",6
2024-02-27,1,"None",5
2024-02-27,2,"None",5
2024-02-27,3,"None",5
2024-02-27,4,"None",5
2024-02-27,5,"None",11
2024-02-27,6,"None",5
2024-02-27,7,"None",5
2024-02-27,8,"None",5
2024-02-28,1,"None",5
2024-02-28,2,"None",5
2024-02-28,3,"None",5
2024-02-28,4,"None",13
2024-02-28,5,"None",48
2024-02-28,6,"None",5
2024-02-28,7,"None",12
2024-02-29,1,"None",5
2024-02-29,2,"None",5
2024-02-29,3,"None",5
2024-02-29,4,"None",11
2024-02-29,5,"None",30
2024-02-29,6,"None",5
2024-02-29,7,"None",7
2024-03-01,1,"None",13
2024-03-01,2,"None",5
2024-03-01,3,"None",5
2024-03-01,4,"None",11
2024-03-01,5,"None",50
2024-03-01,6,"None",10
2024-03-01,7,"None",5
2024-03-01,8,"None",5
2024-03-02,1,"None",5
2024-03-02,2,"None",5
2024-03-02,3,"None",5
2024-03-02,4,"None",5
2024-03-02,5,"None",18
2024-03-02,6,"None",5
2024-03-03,1,"None",5
2024-03-03,2,"None",5
2024-03-03,4,"None",5
2024-03-03,5,"None",5
2024-03-04,1,"None",8
2024-03-04,2,"None",5
2024-03-04,3,"None",5
2024-03-04,4,"None",8
2024-03-04,5,"None",20
2024-03-04,6,"None",5
2024-03-04,7,"None",8
2024-03-04,9,"None",5
2024-03-05,1,"None",7
2024-03-05,4,"None",6
2024-03-05,5,"None",10
2024-03-05,6,"None",5
2024-03-05,7,"None",5
2024-03-06,1,"None",5
2024-03-06,2,"None",5
2024-03-06,3,"None",5
2024-03-06,4,"None",7
2024-03-06,5,"None",9
2024-03-06,6,"None",5
2024-03-07,1,"None",8
2024-03-07,2,"None",5
2024-03-07,3,"None",5
2024-03-07,4,"None",10
2024-03-07,5,"None",11
2024-03-07,6,"None",5
2024-03-07,7,"None",5
2024-03-08,1,"None",7
2024-03-08,2,"None",5
2024-03-08,3,"None",5
2024-03-08,4,"None",5
2024-03-08,5,"None",17
2024-03-08,6,"None",5
2024-03-08,7,"None",5
2024-03-08,8,"None",5
2024-03-09,1,"None",5
2024-03-09,3,"None",5
2024-03-09,4,"None",5
2024-03-09,5,"None",8
2024-03-10,1,"None",5
2024-03-10,4,"None",5
2024-03-10,5,"None",5
2024-03-11,1,"None",5
2024-03-11,4,"None",5
2024-03-11,5,"None",11
2024-03-11,6,"None",7
2024-03-11,7,"None",6
2024-03-12,1,"None",5
2024-03-12,2,"None",5
2024-03-12,4,"None",6
2024-03-12,5,"None",5
2024-03-12,7,"None",5
2024-03-13,1,"None",5
2024-03-13,2,"None",5
2024-03-13,3,"None",5
2024-03-13,4,"None",5
2024-03-13,5,"None",22
2024-03-13,6,"None",5
2024-03-13,7,"None",5
2024-03-14,1,"None",18
2024-03-14,2,"None",7
2024-03-14,3,"None",5
2024-03-14,4,"None",23
2024-03-14,5,"None",63
2024-03-14,6,"None",5
2024-03-14,7,"None",5
2024-03-14,8,"None",5
2024-03-15,1,"None",6
2024-03-15,2,"None",5
2024-03-15,3,"None",5
2024-03-15,4,"None",6
2024-03-15,5,"None",28
2024-03-15,6,"None",5
2024-03-15,7,"None",5
2024-03-15,8,"None",5
2024-03-16,1,"None",5
2024-03-16,3,"None",5
2024-03-16,4,"None",5
2024-03-16,5,"None",5
2024-03-16,6,"None",5
2024-03-16,9,"None",5
2024-03-17,1,"None",5
2024-03-17,3,"None",5
2024-03-17,5,"None",5
2024-03-17,6,"None",5
2024-03-18,1,"None",8
2024-03-18,2,"None",5
2024-03-18,3,"None",5
2024-03-18,4,"None",19
2024-03-18,5,"None",60
2024-03-18,6,"None",5
2024-03-18,7,"None",5
2024-03-19,1,"None",5
2024-03-19,2,"None",5
2024-03-19,3,"None",5
2024-03-19,4,"None",6
2024-03-19,5,"None",25
2024-03-19,6,"None",5
2024-03-19,7,"None",5
2024-03-20,1,"None",5
2024-03-20,2,"None",5
2024-03-20,3,"None",5
2024-03-20,4,"None",5
2024-03-20,5,"None",14
2024-03-20,6,"None",5
2024-03-20,7,"None",5
2024-03-21,2,"None",5
2024-03-21,3,"None",5
2024-03-21,4,"None",5
2024-03-21,5,"None",6
2024-03-21,6,"None",5
2024-03-21,7,"None",5
2024-03-22,1,"None",6
2024-03-22,2,"None",6
2024-03-22,3,"None",5
2024-03-22,4,"None",5
2024-03-22,5,"None",13
2024-03-22,6,"None",5
2024-03-22,7,"None",5
2024-03-23,1,"None",5
2024-03-23,4,"None",5
2024-03-23,5,"None",5
2024-03-23,8,"None",5
2024-03-24,1,"None",5
2024-03-24,4,"None",5
2024-03-24,5,"None",5
2024-03-25,1,"None",5
2024-03-25,2,"None",5
2024-03-25,3,"None",5
2024-03-25,4,"None",5
2024-03-25,5,"None",10
2024-03-26,1,"None",5
2024-03-26,2,"None",5
2024-03-26,3,"None",5
2024-03-26,4,"None",5
2024-03-26,5,"None",5
2024-03-26,6,"None",5
2024-03-26,7,"None",5
2024-03-27,1,"None",5
2024-03-27,2,"None",5
2024-03-27,4,"None",5
2024-03-27,5,"None",11
2024-03-27,6,"None",5
2024-03-27,7,"None",5
2024-03-28,1,"None",9
2024-03-28,4,"None",11
2024-03-28,5,"None",17
2024-03-28,6,"None",5
2024-03-28,7,"None",5
2024-03-28,8,"None",5
2024-03-29,3,"None",5
2024-03-29,4,"None",5
2024-03-29,5,"None",5
2024-03-30,4,"None",5
2024-03-30,5,"None",5
2024-03-30,7,"None",5
2024-03-31,4,"None",5
2024-04-01,5,"None",5
2024-04-01,6,"None",5
2024-04-01,7,"None",5
2024-04-01,8,"None",11
2024-04-02,1,"None",143
2024-04-02,2,"None",154
2024-04-02,3,"None",148
2024-04-02,4,"None",138
2024-04-02,5,"None",105
2024-04-02,6,"None",135
2024-04-02,7,"None",349
2024-04-02,8,"None",747
2024-04-02,9,"None",45
2024-04-03,1,"None",117
2024-04-03,2,"None",124
2024-04-03,3,"None",129
2024-04-03,4,"None",89
2024-04-03,5,"None",96
2024-04-03,6,"None",131
2024-04-03,7,"None",281
2024-04-03,8,"None",731
2024-04-03,9,"None",28
2024-04-03,10,"None",5
2024-04-04,1,"None",149
2024-04-04,2,"None",112
2024-04-04,3,"None",98
2024-04-04,4,"None",80
2024-04-04,5,"None",76
2024-04-04,6,"None",139
2024-04-04,7,"None",388
2024-04-04,8,"None",891
2024-04-04,9,"None",46
2024-04-05,1,"None",89
2024-04-05,2,"None",81
2024-04-05,3,"None",87
2024-04-05,4,"None",72
2024-04-05,5,"None",71
2024-04-05,6,"None",99
2024-04-05,7,"None",282
2024-04-05,8,"None",557
2024-04-05,9,"None",44
2024-04-06,1,"None",15
2024-04-06,2,"None",21
2024-04-06,3,"None",19
2024-04-06,4,"None",15
2024-04-06,5,"None",16
2024-04-06,6,"None",41
2024-04-06,7,"None",141
2024-04-06,8,"None",392
2024-04-06,9,"None",15
2024-04-07,1,"None",5
2024-04-07,2,"None",5
2024-04-07,3,"None",5
2024-04-07,4,"None",5
2024-04-07,5,"None",9
2024-04-07,6,"None",28
2024-04-07,7,"None",28
2024-04-07,8,"None",95
2024-04-07,9,"None",10
2024-04-08,1,"None",76
2024-04-08,2,"None",85
2024-04-08,3,"None",77
2024-04-08,4,"None",69
2024-04-08,5,"None",60
2024-04-08,6,"None",102
2024-04-08,7,"None",322
2024-04-08,8,"None",643
2024-04-08,9,"None",45
2024-04-09,1,"None",103
2024-04-09,2,"None",96
2024-04-09,3,"None",62
2024-04-09,4,"None",56
2024-04-09,5,"None",66
2024-04-09,6,"None",179
2024-04-09,7,"None",391
2024-04-09,8,"None",679
2024-04-09,9,"None",63
2024-04-10,1,"None",128
2024-04-10,2,"None",95
2024-04-10,3,"None",104
2024-04-10,4,"None",69
2024-04-10,5,"None",62
2024-04-10,6,"None",134
2024-04-10,7,"None",289
2024-04-10,8,"None",661
2024-04-10,9,"None",58
2024-04-11,1,"None",128
2024-04-11,2,"None",84
2024-04-11,3,"None",98
2024-04-11,4,"None",59
2024-04-11,5,"None",52
2024-04-11,6,"None",108
2024-04-11,7,"None",225
2024-04-11,8,"None",638
2024-04-11,9,"None",48
2024-04-12,1,"None",53
2024-04-12,2,"None",49
2024-04-12,3,"None",43
2024-04-12,4,"None",47
2024-04-12,5,"None",37
2024-04-12,6,"None",89
2024-04-12,7,"None",165
2024-04-12,8,"None",448
2024-04-12,9,"None",38
2024-04-13,1,"None",7
2024-04-13,2,"None",9
2024-04-13,3,"None",7
2024-04-13,4,"None",8
2024-04-13,5,"None",12
2024-04-13,6,"None",53
2024-04-13,7,"None",229
2024-04-13,8,"None",486
2024-04-13,9,"None",18
2024-04-14,1,"None",23
2024-04-14,2,"None",21
2024-04-14,3,"None",11
2024-04-14,4,"None",5
2024-04-14,5,"None",8
2024-04-14,6,"None",40
2024-04-14,7,"None",60
2024-04-14,8,"None",247
2024-04-14,9,"None",5
2024-04-15,1,"s_2024",43
2024-04-15,2,"s_2024",59
2024-04-15,3,"s_2024",73
2024-04-15,4,"s_2024",74
2024-04-15,5,"s_2024",69
2024-04-15,6,"s_2024",376
2024-04-15,7,"s_2024",599
2024-04-15,8,"s_2024",2685
2024-04-15,9,"s_2024",180
2024-04-15,10,"s_2024",5
2024-04-16,1,"s_2024",62
2024-04-16,2,"s_2024",71
2024-04-16,3,"s_2024",107
2024-04-16,4,"s_2024",268
2024-04-16,5,"s_2024",352
2024-04-16,6,"s_2024",625
2024-04-16,7,"s_2024",933
2024-04-16,8,"s_2024",3524
2024-04-16,9,"s_2024",189
2024-04-16,10,"s_2024",5
2024-04-17,1,"s_2024",78
2024-04-17,2,"s_2024",60
2024-04-17,3,"s_2024",70
2024-04-17,4,"s_2024",71
2024-04-17,5,"s_2024",109
2024-04-17,6,"s_2024",444
2024-04-17,7,"s_2024",676
2024-04-17,8,"s_2024",2714
2024-04-17,9,"s_2024",197
2024-04-17,10,"s_2024",5
2024-04-18,1,"s_2024",48
2024-04-18,2,"s_2024",66
2024-04-18,3,"s_2024",66
2024-04-18,4,"s_2024",71
2024-04-18,5,"s_2024",92
2024-04-18,6,"s_2024",468
2024-04-18,7,"s_2024",903
2024-04-18,8,"s_2024",3495
2024-04-18,9,"s_2024",128
2024-04-19,1,"s_2024",56
2024-04-19,2,"s_2024",72
2024-04-19,3,"s_2024",71
2024-04-19,4,"s_2024",53
2024-04-19,5,"s_2024",75
2024-04-19,6,"s_2024",356
2024-04-19,7,"s_2024",743
2024-04-19,8,"s_2024",2764
2024-04-19,9,"s_2024",92
2024-04-20,1,"s_2024",40
2024-04-20,2,"s_2024",31
2024-04-20,3,"s_2024",29
2024-04-20,4,"s_2024",40
2024-04-20,5,"s_2024",44
2024-04-20,6,"s_2024",247
2024-04-20,7,"s_2024",954
2024-04-20,8,"s_2024",2284
2024-04-20,9,"s_2024",160
2024-04-20,10,"s_2024",5
2024-04-21,1,"s_2024",19
2024-04-21,2,"s_2024",19
2024-04-21,3,"s_2024",9
2024-04-21,4,"s_2024",13
2024-04-21,5,"s_2024",14
2024-04-21,6,"s_2024",57
2024-04-21,7,"s_2024",138
2024-04-21,8,"s_2024",986
2024-04-21,9,"s_2024",31
2024-04-22,1,"s_2024",81
2024-04-22,2,"s_2024",94
2024-04-22,3,"s_2024",69
2024-04-22,4,"s_2024",81
2024-04-22,5,"s_2024",87
2024-04-22,6,"s_2024",409
2024-04-22,7,"s_2024",780
2024-04-22,8,"s_2024",3243
2024-04-22,9,"s_2024",98
2024-04-23,1,"s_2024",123
2024-04-23,2,"s_2024",84
2024-04-23,3,"s_2024",75
2024-04-23,4,"s_2024",67
2024-04-23,5,"s_2024",114
2024-04-23,6,"s_2024",582
2024-04-23,7,"s_2024",1080
2024-04-23,8,"s_2024",3619
2024-04-23,9,"s_2024",149
2024-04-24,1,"s_2024",58
2024-04-24,2,"s_2024",62
2024-04-24,3,"s_2024",67
2024-04-24,4,"s_2024",88
2024-04-24,5,"s_2024",123
2024-04-24,6,"s_2024",606
2024-04-24,7,"s_2024",912
2024-04-24,8,"s_2024",3327
2024-04-24,9,"s_2024",131
2024-04-24,10,"s_2024",5
2024-04-25,1,"s_2024",70
2024-04-25,2,"s_2024",52
2024-04-25,3,"s_2024",79
2024-04-25,4,"s_2024",88
2024-04-25,5,"s_2024",121
2024-04-25,6,"s_2024",707
2024-04-25,7,"s_2024",1237
2024-04-25,8,"s_2024",3833
2024-04-25,9,"s_2024",122
2024-04-26,1,"s_2024",61
2024-04-26,2,"s_2024",68
2024-04-26,3,"s_2024",84
2024-04-26,4,"s_2024",83
2024-04-26,5,"s_2024",85
2024-04-26,6,"s_2024",656
2024-04-26,7,"s_2024",979
2024-04-26,8,"s_2024",2982
2024-04-26,9,"s_2024",89
2024-04-26,10,"s_2024",5
2024-04-27,1,"s_2024",28
2024-04-27,2,"s_2024",46
2024-04-27,3,"s_2024",40
2024-04-27,4,"s_2024",47
2024-04-27,5,"s_2024",74
2024-04-27,6,"s_2024",555
2024-04-27,7,"s_2024",783
2024-04-27,8,"s_2024",2802
2024-04-27,9,"s_2024",170
2024-04-28,1,"s_2024",48
2024-04-28,2,"s_2024",34
2024-04-28,3,"s_2024",15
2024-04-28,4,"s_2024",13
2024-04-28,5,"s_2024",30
2024-04-28,6,"s_2024",141
2024-04-28,7,"s_2024",163
2024-04-28,8,"s_2024",1001
2024-04-28,9,"s_2024",34
2024-04-29,1,"s_2024",63
2024-04-29,2,"s_2024",69
2024-04-29,3,"s_2024",68
2024-04-29,4,"s_2024",66
2024-04-29,5,"s_2024",91
2024-04-29,6,"s_2024",488
2024-04-29,7,"s_2024",795
2024-04-29,8,"s_2024",2715
2024-04-29,9,"s_2024",92
2024-04-30,1,"s_2024",53
2024-04-30,2,"s_2024",53
2024-04-30,3,"s_2024",57
2024-04-30,4,"s_2024",64
2024-04-30,5,"s_2024",76
2024-04-30,6,"s_2024",451
2024-04-30,7,"s_2024",772
2024-04-30,8,"s_2024",2934
2024-04-30,9,"s_2024",83
2024-04-30,10,"s_2024",5
2024-05-01,1,"s_2024",259
2024-05-01,2,"s_2024",67
2024-05-01,3,"s_2024",50
2024-05-01,4,"s_2024",77
2024-05-01,5,"s_2024",92
2024-05-01,6,"s_2024",519
2024-05-01,7,"s_2024",899
2024-05-01,8,"s_2024",2857
2024-05-01,9,"s_2024",90
2024-05-02,1,"s_2024",61
2024-05-02,2,"s_2024",75
2024-05-02,3,"s_2024",88
2024-05-02,4,"s_2024",86
2024-05-02,5,"s_2024",110
2024-05-02,6,"s_2024",510
2024-05-02,7,"s_2024",945
2024-05-02,8,"s_2024",3072
2024-05-02,9,"s_2024",121
2024-05-02,10,"s_2024",5
2024-05-03,1,"s_2024",46
2024-05-03,2,"s_2024",58
2024-05-03,3,"s_2024",58
2024-05-03,4,"s_2024",57
2024-05-03,5,"s_2024",62
2024-05-03,6,"s_2024",480
2024-05-03,7,"s_2024",667
2024-05-03,8,"s_2024",2386
2024-05-03,9,"s_2024",69
2024-05-04,1,"s_2024",22
2024-05-04,2,"s_2024",19
2024-05-04,3,"s_2024",12
2024-05-04,4,"s_2024",24
2024-05-04,5,"s_2024",27
2024-05-04,6,"s_2024",245
2024-05-04,7,"s_2024",308
2024-05-04,8,"s_2024",1272
2024-05-04,9,"s_2024",59
2024-05-05,1,"s_2024",17
2024-05-05,2,"s_2024",20
2024-05-05,3,"s_2024",9
2024-05-05,4,"s_2024",5
2024-05-05,5,"s_2024",20
2024-05-05,6,"s_2024",108
2024-05-05,7,"s_2024",141
2024-05-05,8,"s_2024",785
2024-05-05,9,"s_2024",20
2024-05-05,10,"s_2024",5
2024-05-06,1,"s_2024",5
2024-05-06,2,"s_2024",10
2024-05-06,3,"s_2024",5
2024-05-06,4,"s_2024",6
2024-05-06,5,"s_2024",18
2024-05-06,6,"s_2024",85
2024-05-06,7,"s_2024",109
2024-05-06,8,"s_2024",350
2024-05-06,9,"s_2024",21
2024-05-07,1,"s_2024",83
2024-05-07,2,"s_2024",44
2024-05-07,3,"s_2024",57
2024-05-07,4,"s_2024",55
2024-05-07,5,"s_2024",77
2024-05-07,6,"s_2024",472
2024-05-07,7,"s_2024",771
2024-05-07,8,"s_2024",2707
2024-05-07,9,"s_2024",99
2024-05-07,10,"s_2024",5
2024-05-08,1,"s_2024",50
2024-05-08,2,"s_2024",49
2024-05-08,3,"s_2024",48
2024-05-08,4,"s_2024",68
2024-05-08,5,"s_2024",69
2024-05-08,6,"s_2024",509
2024-05-08,7,"s_2024",728
2024-05-08,8,"s_2024",2451
2024-05-08,9,"s_2024",83
2024-05-09,1,"s_2024",36
2024-05-09,2,"s_2024",63
2024-05-09,3,"s_2024",53
2024-05-09,4,"s_2024",74
2024-05-09,5,"s_2024",81
2024-05-09,6,"s_2024",492
2024-05-09,7,"s_2024",954
2024-05-09,8,"s_2024",2909
2024-05-09,9,"s_2024",121
2024-05-09,10,"s_2024",5
2024-05-10,1,"s_2024",46
2024-05-10,2,"s_2024",39
2024-05-10,3,"s_2024",47
2024-05-10,4,"s_2024",58
2024-05-10,5,"s_2024",63
2024-05-10,6,"s_2024",395
2024-05-10,7,"s_2024",670
2024-05-10,8,"s_2024",2644
2024-05-10,9,"s_2024",77
2024-05-11,1,"s_2024",21
2024-05-11,2,"s_2024",34
2024-05-11,3,"s_2024",34
2024-05-11,4,"s_2024",35
2024-05-11,5,"s_2024",64
2024-05-11,6,"s_2024",405
2024-05-11,7,"s_2024",663
2024-05-11,8,"s_2024",1727
2024-05-11,9,"s_2024",59
2024-05-12,1,"s_2024",13
2024-05-12,2,"s_2024",18
2024-05-12,3,"s_2024",8
2024-05-12,4,"s_2024",20
2024-05-12,5,"s_2024",27
2024-05-12,6,"s_2024",115
2024-05-12,7,"s_2024",187
2024-05-12,8,"s_2024",707
2024-05-12,9,"s_2024",31
2024-05-13,1,"s_2024",43
2024-05-13,2,"s_2024",39
2024-05-13,3,"s_2024",58
2024-05-13,4,"s_2024",80
2024-05-13,5,"s_2024",76
2024-05-13,6,"s_2024",363
2024-05-13,7,"s_2024",566
2024-05-13,8,"s_2024",1846
2024-05-13,9,"s_2024",81
2024-05-14,1,"s_2024",46
2024-05-14,2,"s_2024",69
2024-05-14,3,"s_2024",50
2024-05-14,4,"s_2024",64
2024-05-14,5,"s_2024",98
2024-05-14,6,"s_2024",494
2024-05-14,7,"s_2024",852
2024-05-14,8,"s_2024",2517
2024-05-14,9,"s_2024",105
2024-05-15,1,"s_2024",71
2024-05-15,2,"s_2024",47
2024-05-15,3,"s_2024",44
2024-05-15,4,"s_2024",50
2024-05-15,5,"s_2024",84
2024-05-15,6,"s_2024",452
2024-05-15,7,"s_2024",679
2024-05-15,8,"s_2024",2100
2024-05-15,9,"s_2024",81
2024-05-16,1,"s_2024",43
2024-05-16,2,"s_2024",48
2024-05-16,3,"s_2024",43
2024-05-16,4,"s_2024",79
2024-05-16,5,"s_2024",82
2024-05-16,6,"s_2024",523
2024-05-16,7,"s_2024",699
2024-05-16,8,"s_2024",1955
2024-05-16,9,"s_2024",81
2024-05-17,1,"s_2024",137
2024-05-17,2,"s_2024",35
2024-05-17,3,"s_2024",49
2024-05-17,4,"s_2024",37
2024-05-17,5,"s_2024",72
2024-05-17,6,"s_2024",418
2024-05-17,7,"s_2024",600
2024-05-17,8,"s_2024",1727
2024-05-17,9,"s_2024",87
2024-05-18,1,"s_2024",21
2024-05-18,2,"s_2024",25
2024-05-18,3,"s_2024",17
2024-05-18,4,"s_2024",25
2024-05-18,5,"s_2024",53
2024-05-18,6,"s_2024",243
2024-05-18,7,"s_2024",334
2024-05-18,8,"s_2024",989
2024-05-18,9,"s_2024",65
2024-05-19,1,"s_2024",20
2024-05-19,2,"s_2024",20
2024-05-19,3,"s_2024",5
2024-05-19,4,"s_2024",6
2024-05-19,5,"s_2024",39
2024-05-19,6,"s_2024",164
2024-05-19,7,"s_2024",193
2024-05-19,8,"s_2024",583
2024-05-19,9,"s_2024",39
2024-05-20,1,"s_2024",66
2024-05-20,2,"s_2024",36
2024-05-20,3,"s_2024",34
2024-05-20,4,"s_2024",45
2024-05-20,5,"s_2024",70
2024-05-20,6,"s_2024",371
2024-05-20,7,"s_2024",560
2024-05-20,8,"s_2024",1591
2024-05-20,9,"s_2024",72
2024-05-21,1,"s_2024",58
2024-05-21,2,"s_2024",55
2024-05-21,3,"s_2024",42
2024-05-21,4,"s_2024",49
2024-05-21,5,"s_2024",72
2024-05-21,6,"s_2024",490
2024-05-21,7,"s_2024",839
2024-05-21,8,"s_2024",1909
2024-05-21,9,"s_2024",81
2024-05-21,10,"s_2024",5
2024-05-22,1,"s_2024",41
2024-05-22,2,"s_2024",35
2024-05-22,3,"s_2024",36
2024-05-22,4,"s_2024",42
2024-05-22,5,"s_2024",91
2024-05-22,6,"s_2024",478
2024-05-22,7,"s_2024",611
2024-05-22,8,"s_2024",1657
2024-05-22,9,"s_2024",88
2024-05-22,10,"s_2024",5
2024-05-23,1,"s_2024",41
2024-05-23,2,"s_2024",35
2024-05-23,3,"s_2024",34
2024-05-23,4,"s_2024",60
2024-05-23,5,"s_2024",89
2024-05-23,6,"s_2024",404
2024-05-23,7,"s_2024",578
2024-05-23,8,"s_2024",1548
2024-05-23,9,"s_2024",108
2024-05-24,1,"s_2024",45
2024-05-24,2,"s_2024",29
2024-05-24,3,"s_2024",44
2024-05-24,4,"s_2024",62
2024-05-24,5,"s_2024",71
2024-05-24,6,"s_2024",326
2024-05-24,7,"s_2024",549
2024-05-24,8,"s_2024",1211
2024-05-24,9,"s_2024",57
2024-05-25,1,"s_2024",14
2024-05-25,2,"s_2024",21
2024-05-25,3,"s_2024",8
2024-05-25,4,"s_2024",15
2024-05-25,5,"s_2024",25
2024-05-25,6,"s_2024",175
2024-05-25,7,"s_2024",229
2024-05-25,8,"s_2024",756
2024-05-25,9,"s_2024",38
2024-05-26,1,"s_2024",7
2024-05-26,2,"s_2024",14
2024-05-26,3,"s_2024",5
2024-05-26,4,"s_2024",9
2024-05-26,5,"s_2024",14
2024-05-26,6,"s_2024",150
2024-05-26,7,"s_2024",194
2024-05-26,8,"s_2024",424
2024-05-26,9,"s_2024",21
2024-05-27,1,"s_2024",25
2024-05-27,2,"s_2024",15
2024-05-27,3,"s_2024",32
2024-05-27,4,"s_2024",23
2024-05-27,5,"s_2024",49
2024-05-27,6,"s_2024",211
2024-05-27,7,"s_2024",222
2024-05-27,8,"s_2024",789
2024-05-27,9,"s_2024",50
2024-05-28,1,"s_2024",38
2024-05-28,2,"s_2024",36
2024-05-28,3,"s_2024",44
2024-05-28,4,"s_2024",55
2024-05-28,5,"s_2024",74
2024-05-28,6,"s_2024",377
2024-05-28,7,"s_2024",558
2024-05-28,8,"s_2024",1356
2024-05-28,9,"s_2024",69
2024-05-29,1,"s_2024",56
2024-05-29,2,"s_2024",37
2024-05-29,3,"s_2024",21
2024-05-29,4,"s_2024",36
2024-05-29,5,"s_2024",57
2024-05-29,6,"s_2024",306
2024-05-29,7,"s_2024",383
2024-05-29,8,"s_2024",872
2024-05-29,9,"s_2024",71
2024-05-30,1,"s_2024",26
2024-05-30,2,"s_2024",42
2024-05-30,3,"s_2024",38
2024-05-30,4,"s_2024",53
2024-05-30,5,"s_2024",69
2024-05-30,6,"s_2024",472
2024-05-30,7,"s_2024",636
2024-05-30,8,"s_2024",1257
2024-05-30,9,"s_2024",81
2024-05-31,1,"s_2024",35
2024-05-31,2,"s_2024",24
2024-05-31,3,"s_2024",20
2024-05-31,4,"s_2024",49
2024-05-31,5,"s_2024",59
2024-05-31,6,"s_2024",409
2024-05-31,7,"s_2024",512
2024-05-31,8,"s_2024",1127
2024-05-31,9,"s_2024",69
2024-06-01,1,"s_2024",21
2024-06-01,2,"s_2024",19
2024-06-01,3,"s_2024",21
2024-06-01,4,"s_2024",16
2024-06-01,5,"s_2024",29
2024-06-01,6,"s_2024",312
2024-06-01,7,"s_2024",358
2024-06-01,8,"s_2024",488
2024-06-01,9,"s_2024",48
2024-06-01,10,"s_2024",5
2024-06-02,1,"s_2024",5
2024-06-02,2,"s_2024",30
2024-06-02,3,"s_2024",5
2024-06-02,4,"s_2024",12
2024-06-02,5,"s_2024",7
2024-06-02,6,"s_2024",170
2024-06-02,7,"s_2024",120
2024-06-02,8,"s_2024",256
2024-06-02,9,"s_2024",23
2024-06-03,1,"s_2024",22
2024-06-03,2,"s_2024",28
2024-06-03,3,"s_2024",26
2024-06-03,4,"s_2024",30
2024-06-03,5,"s_2024",42
2024-06-03,6,"s_2024",334
2024-06-03,7,"s_2024",357
2024-06-03,8,"s_2024",682
2024-06-03,9,"s_2024",56
2024-06-04,1,"s_2024",26
2024-06-04,2,"s_2024",23
2024-06-04,3,"s_2024",20
2024-06-04,4,"s_2024",20
2024-06-04,5,"s_2024",35
2024-06-04,6,"s_2024",348
2024-06-04,7,"s_2024",343
2024-06-04,8,"s_2024",659
2024-06-04,9,"s_2024",43
2024-06-05,1,"s_2024",31
2024-06-05,2,"s_2024",33
2024-06-05,3,"s_2024",24
2024-06-05,4,"s_2024",25
2024-06-05,5,"s_2024",52
2024-06-05,6,"s_2024",375
2024-06-05,7,"s_2024",444
2024-06-05,8,"s_2024",691
2024-06-05,9,"s_2024",46
2024-06-06,1,"s_2024",19
2024-06-06,2,"s_2024",23
2024-06-06,3,"s_2024",17
2024-06-06,4,"s_2024",32
2024-06-06,5,"s_2024",37
2024-06-06,6,"s_2024",259
2024-06-06,7,"s_2024",326
2024-06-06,8,"s_2024",617
2024-06-06,9,"s_2024",31
2024-06-07,1,"s_2024",35
2024-06-07,2,"s_2024",30
2024-06-07,3,"s_2024",19
2024-06-07,4,"s_2024",36
2024-06-07,5,"s_2024",51
2024-06-07,6,"s_2024",287
2024-06-07,7,"s_2024",334
2024-06-07,8,"s_2024",804
2024-06-07,9,"s_2024",65
2024-06-08,1,"s_2024",19
2024-06-08,2,"s_2024",16
2024-06-08,3,"s_2024",15
2024-06-08,4,"s_2024",12
2024-06-08,5,"s_2024",24
2024-06-08,6,"s_2024",192
2024-06-08,7,"s_2024",221
2024-06-08,8,"s_2024",510
2024-06-08,9,"s_2024",92
2024-06-09,1,"s_2024",5
2024-06-09,2,"s_2024",11
2024-06-09,3,"s_2024",12
2024-06-09,4,"s_2024",6
2024-06-09,5,"s_2024",16
2024-06-09,6,"s_2024",100
2024-06-09,7,"s_2024",138
2024-06-09,8,"s_2024",296
2024-06-09,9,"s_2024",48
2024-06-10,1,"s_2024",23
2024-06-10,2,"s_2024",23
2024-06-10,3,"s_2024",17
2024-06-10,4,"s_2024",29
2024-06-10,5,"s_2024",50
2024-06-10,6,"s_2024",190
2024-06-10,7,"s_2024",224
2024-06-10,8,"s_2024",472
2024-06-10,9,"s_2024",50
2024-06-11,1,"s_2024",28
2024-06-11,2,"s_2024",22
2024-06-11,3,"s_2024",22
2024-06-11,4,"s_2024",21
2024-06-11,5,"s_2024",45
2024-06-11,6,"s_2024",229
2024-06-11,7,"s_2024",256
2024-06-11,8,"s_2024",437
2024-06-11,9,"s_2024",53
2024-06-12,1,"s_2024",18
2024-06-12,2,"s_2024",15
2024-06-12,3,"s_2024",9
2024-06-12,4,"s_2024",17
2024-06-12,5,"s_2024",40
2024-06-12,6,"s_2024",141
2024-06-12,7,"s_2024",208
2024-06-12,8,"s_2024",331
2024-06-12,9,"s_2024",32
2024-06-13,1,"s_2024",19
2024-06-13,2,"s_2024",24
2024-06-13,3,"s_2024",14
2024-06-13,4,"s_2024",26
2024-06-13,5,"s_2024",32
2024-06-13,6,"s_2024",168
2024-06-13,7,"s_2024",216
2024-06-13,8,"s_2024",482
2024-06-13,9,"s_2024",57
2024-06-14,1,"s_2024",15
2024-06-14,2,"s_2024",13
2024-06-14,3,"s_2024",21
2024-06-14,4,"s_2024",10
2024-06-14,5,"s_2024",28
2024-06-14,6,"s_2024",162
2024-06-14,7,"s_2024",157
2024-06-14,8,"s_2024",430
2024-06-14,9,"s_2024",48
2024-06-15,1,"s_2024",13
2024-06-15,2,"s_2024",11
2024-06-15,3,"s_2024",8
2024-06-15,4,"s_2024",21
2024-06-15,5,"s_2024",23
2024-06-15,6,"s_2024",192
2024-06-15,7,"s_2024",232
2024-06-15,8,"s_2024",439
2024-06-15,9,"s_2024",64
2024-06-16,1,"s_2024",5
2024-06-16,2,"s_2024",10
2024-06-16,3,"s_2024",6
2024-06-16,4,"s_2024",19
2024-06-16,5,"s_2024",12
2024-06-16,6,"s_2024",103
2024-06-16,7,"s_2024",120
2024-06-16,8,"s_2024",239
2024-06-16,9,"s_2024",31
2024-06-17,1,"s_2024",26
2024-06-17,2,"s_2024",11
2024-06-17,3,"s_2024",17
2024-06-17,4,"s_2024",19
2024-06-17,5,"s_2024",26
2024-06-17,6,"s_2024",124
2024-06-17,7,"s_2024",148
2024-06-17,8,"s_2024",357
2024-06-17,9,"s_2024",46
2024-06-18,1,"s_2024",19
2024-06-18,2,"s_2024",12
2024-06-18,3,"s_2024",9
2024-06-18,4,"s_2024",29
2024-06-18,5,"s_2024",21
2024-06-18,6,"s_2024",140
2024-06-18,7,"s_2024",176
2024-06-18,8,"s_2024",357
2024-06-18,9,"s_2024",49
2024-06-18,10,"s_2024",5
2024-06-19,1,"s_2024",26
2024-06-19,2,"s_2024",11
2024-06-19,3,"s_2024",5
2024-06-19,4,"s_2024",14
2024-06-19,5,"s_2024",28
2024-06-19,6,"s_2024",91
2024-06-19,7,"s_2024",143
2024-06-19,8,"s_2024",293
2024-06-19,9,"s_2024",28
2024-06-20,1,"s_2024",20
2024-06-20,2,"s_2024",10
2024-06-20,3,"s_2024",11
2024-06-20,4,"s_2024",14
2024-06-20,5,"s_2024",32
2024-06-20,6,"s_2024",90
2024-06-20,7,"s_2024",131
2024-06-20,8,"s_2024",319
2024-06-20,9,"s_2024",27
2024-06-21,1,"s_2024",8
2024-06-21,2,"s_2024",23
2024-06-21,3,"s_2024",13
2024-06-21,4,"s_2024",15
2024-06-21,5,"s_2024",18
2024-06-21,6,"s_2024",100
2024-06-21,7,"s_2024",121
2024-06-21,8,"s_2024",240
2024-06-21,9,"s_2024",32
2024-06-22,1,"s_2024",9
2024-06-22,2,"s_2024",8
2024-06-22,3,"s_2024",5
2024-06-22,4,"s_2024",9
2024-06-22,5,"s_2024",15
2024-06-22,6,"s_2024",94
2024-06-22,7,"s_2024",130
2024-06-22,8,"s_2024",271
2024-06-22,9,"s_2024",39
2024-06-23,1,"s_2024",6
2024-06-23,2,"s_2024",7
2024-06-23,3,"s_2024",5
2024-06-23,4,"s_2024",6
2024-06-23,5,"s_2024",8
2024-06-23,6,"s_2024",33
2024-06-23,7,"s_2024",46
2024-06-23,8,"s_2024",88
2024-06-23,9,"s_2024",14
2024-06-24,1,"s_2024",14
2024-06-24,2,"s_2024",10
2024-06-24,3,"s_2024",9
2024-06-24,4,"s_2024",20
2024-06-24,5,"s_2024",25
2024-06-24,6,"s_2024",134
2024-06-24,7,"s_2024",110
2024-06-24,8,"s_2024",216
2024-06-24,9,"s_2024",19
2024-06-25,1,"s_2024",50
2024-06-25,2,"s_2024",9
2024-06-25,3,"s_2024",9
2024-06-25,4,"s_2024",13
2024-06-25,5,"s_2024",16
2024-06-25,6,"s_2024",67
2024-06-25,7,"s_2024",96
2024-06-25,8,"s_2024",180
2024-06-25,9,"s_2024",19
2024-06-26,1,"s_2024",18
2024-06-26,2,"s_2024",5
2024-06-26,3,"s_2024",10
2024-06-26,4,"s_2024",9
2024-06-26,5,"s_2024",11
2024-06-26,6,"s_2024",79
2024-06-26,7,"s_2024",86
2024-06-26,8,"s_2024",169
2024-06-26,9,"s_2024",19
2024-06-27,1,"s_2024",26
2024-06-27,2,"s_2024",11
2024-06-27,3,"s_2024",13
2024-06-27,4,"s_2024",10
2024-06-27,5,"s_2024",20
2024-06-27,6,"s_2024",86
2024-06-27,7,"s_2024",84
2024-06-27,8,"s_2024",162
2024-06-27,9,"s_2024",30
2024-06-28,1,"s_2024",22
2024-06-28,2,"s_2024",7
2024-06-28,3,"s_2024",7
2024-06-28,4,"s_2024",17
2024-06-28,5,"s_2024",18
2024-06-28,6,"s_2024",93
2024-06-28,7,"s_2024",120
2024-06-28,8,"s_2024",224
2024-06-28,9,"s_2024",26
2024-06-29,1,"s_2024",15
2024-06-29,2,"s_2024",13
2024-06-29,3,"s_2024",7
2024-06-29,4,"s_2024",14
2024-06-29,5,"s_2024",10
2024-06-29,6,"s_2024",107
2024-06-29,7,"s_2024",104
2024-06-29,8,"s_2024",237
2024-06-29,9,"s_2024",54
2024-06-30,1,"s_2024",6
2024-06-30,2,"s_2024",7
2024-06-30,3,"s_2024",5
2024-06-30,4,"s_2024",5
2024-06-30,5,"s_2024",9
2024-06-30,6,"s_2024",14
2024-06-30,7,"s_2024",31
2024-06-30,8,"s_2024",35
2024-06-30,9,"s_2024",6
2024-07-01,1,"None",8
2024-07-01,2,"None",5
2024-07-01,5,"None",5
2024-07-01,6,"None",5
2024-07-01,7,"None",6
2024-07-01,8,"None",7
2024-07-01,9,"None",5
2024-07-02,1,"None",5
2024-07-02,2,"None",5
2024-07-02,5,"None",5
2024-07-02,6,"None",9
2024-07-02,7,"None",7
2024-07-02,8,"None",16
2024-07-03,1,"None",5
2024-07-03,3,"None",5
2024-07-03,4,"None",5
2024-07-03,5,"None",5
2024-07-03,6,"None",7
2024-07-03,7,"None",6
2024-07-03,8,"None",8
2024-07-03,9,"None",5
2024-07-04,1,"None",5
2024-07-04,2,"None",5
2024-07-04,3,"None",5
2024-07-04,5,"None",5
2024-07-04,6,"None",7
2024-07-04,7,"None",12
2024-07-04,8,"None",16
2024-07-04,9,"None",5
2024-07-05,1,"None",5
2024-07-05,2,"None",5
2024-07-05,3,"None",5
2024-07-05,4,"None",5
2024-07-05,5,"None",6
2024-07-05,6,"None",7
2024-07-05,7,"None",7
2024-07-05,8,"None",17
2024-07-05,9,"None",5
2024-07-06,2,"None",5
2024-07-06,4,"None",5
2024-07-06,6,"None",9
2024-07-06,7,"None",5
2024-07-06,8,"None",7
2024-07-06,9,"None",5
2024-07-07,5,"None",5
2024-07-07,6,"None",5
2024-07-07,8,"None",5
2024-07-08,1,"None",8
2024-07-08,2,"None",5
2024-07-08,3,"None",5
2024-07-08,4,"None",5
2024-07-08,5,"None",5
2024-07-08,6,"None",5
2024-07-08,7,"None",14
2024-07-08,8,"None",15
2024-07-08,9,"None",5
2024-07-09,1,"None",5
2024-07-09,3,"None",5
2024-07-09,4,"None",5
2024-07-09,5,"None",5
2024-07-09,6,"None",9
2024-07-09,7,"None",7
2024-07-09,8,"None",23
2024-07-09,9,"None",5
2024-07-10,1,"None",5
2024-07-10,3,"None",5
2024-07-10,4,"None",5
2024-07-10,5,"None",5
2024-07-10,6,"None",5
2024-07-10,7,"None",11
2024-07-10,8,"None",15
2024-07-10,9,"None",5
2024-07-11,1,"None",5
2024-07-11,3,"None",5
2024-07-11,4,"None",5
2024-07-11,5,"None",7
2024-07-11,6,"None",12
2024-07-11,7,"None",9
2024-07-11,8,"None",30
2024-07-11,9,"None",5
2024-07-12,1,"None",6
2024-07-12,2,"None",5
2024-07-12,3,"None",5
2024-07-12,4,"None",5
2024-07-12,5,"None",5
2024-07-12,6,"None",17
2024-07-12,7,"None",13
2024-07-12,8,"None",24
2024-07-13,1,"None",5
2024-07-13,2,"None",5
2024-07-13,3,"None",5
2024-07-13,4,"None",5
2024-07-13,5,"None",5
2024-07-13,6,"None",8
2024-07-13,7,"None",8
2024-07-13,8,"None",21
2024-07-13,9,"None",5
2024-07-14,1,"None",5
2024-07-14,6,"None",5
2024-07-14,7,"None",5
2024-07-14,8,"None",6
2024-07-15,4,"None",5
2024-07-15,6,"None",5
2024-07-15,8,"None",5
2024-07-15,9,"None",5
2024-07-16,1,"None",5
2024-07-16,3,"None",5
2024-07-16,4,"None",5
2024-07-16,5,"None",5
2024-07-16,6,"None",5
2024-07-16,7,"None",5
2024-07-16,8,"None",5
2024-07-16,9,"None",5
2024-07-17,1,"None",5
2024-07-17,2,"None",5
2024-07-17,4,"None",5
2024-07-17,5,"None",5
2024-07-17,6,"None",6
2024-07-17,7,"None",5
2024-07-17,8,"None",5
2024-07-17,9,"None",5
2024-07-18,2,"None",5
2024-07-18,5,"None",5
2024-07-18,6,"None",5
2024-07-18,7,"None",5
2024-07-18,8,"None",5
2024-07-19,2,"None",5
2024-07-19,4,"None",5
2024-07-19,6,"None",5
2024-07-19,7,"None",5
2024-07-19,8,"None",5
2024-07-20,5,"None",5
2024-07-20,7,"None",5
2024-07-20,8,"None",5
2024-07-21,5,"None",5
2024-07-21,8,"None",5
2024-07-22,4,"None",5
2024-07-22,5,"None",5
2024-07-22,6,"None",5
2024-07-22,8,"None",5
2024-07-23,2,"None",5
2024-07-23,6,"None",5
2024-07-23,7,"None",5
2024-07-23,8,"None",5
2024-07-24,1,"None",5
2024-07-24,2,"None",5
2024-07-24,7,"None",5
2024-07-24,8,"None",5
2024-07-24,9,"None",5
2024-07-25,1,"None",5
2024-07-25,4,"None",5
2024-07-25,5,"None",5
2024-07-25,6,"None",5
2024-07-25,7,"None",5
2024-07-25,8,"None",5
2024-07-26,3,"None",5
2024-07-26,5,"None",5
2024-07-26,6,"None",5
2024-07-26,7,"None",5
2024-07-26,8,"None",5
2024-07-27,4,"None",5
2024-07-27,5,"None",5
2024-07-29,1,"None",5
2024-07-29,3,"None",5
2024-07-29,4,"None",5
2024-07-29,5,"None",5
2024-07-29,8,"None",5
2024-07-30,6,"None",5
2024-07-30,7,"None",5
2024-07-31,1,"None",5
2024-07-31,3,"None",5
2024-07-31,4,"None",5
2024-07-31,5,"None",5
2024-07-31,6,"None",5
2024-07-31,7,"None",5
2024-07-31,8,"None",5
2024-08-01,5,"None",5
2024-08-01,6,"None",5
2024-08-02,5,"None",5
2024-08-02,8,"None",5
2024-08-05,6,"None",5
2024-08-05,7,"None",5
2024-08-06,1,"None",5
2024-08-07,1,"None",5
2024-08-07,2,"None",5
2024-08-07,8,"None",5
2024-08-08,1,"None",5
2024-08-08,4,"None",5
2024-08-08,5,"None",5
2024-08-08,6,"None",5
2024-08-09,1,"None",5
2024-08-09,8,"None",5
2024-08-13,5,"None",5
2024-08-14,4,"None",5
2024-08-15,1,"None",5
2024-08-16,1,"None",5
2024-08-16,3,"None",5
2024-08-16,7,"None",5
2024-08-19,2,"None",5
2024-08-19,9,"None",5
2024-08-20,5,"None",5
2024-08-20,6,"None",5
2024-08-22,1,"None",5
2024-08-22,2,"None",5
2024-08-23,4,"None",5
2024-08-23,7,"None",5
2024-08-27,1,"None",5
2024-08-28,1,"None",5
2024-08-28,2,"None",5
2024-08-28,4,"None",5
2024-08-28,5,"None",5
2024-08-28,6,"None",5
2024-08-29,1,"None",5
2024-08-29,3,"None",5
2024-08-29,4,"None",5
2024-08-30,1,"None",5
2024-08-30,4,"None",5
2024-09-01,7,"None",5
2024-09-02,1,"None",5
2024-09-02,3,"None",5
2024-09-02,5,"None",5
2024-09-02,6,"None",5
2024-09-03,1,"None",5
2024-09-03,3,"None",5
2024-09-05,1,"None",5
2024-09-05,3,"None",5
2024-09-06,2,"None",5
2024-09-06,3,"None",5
2024-09-06,4,"None",5
2024-09-06,6,"None",5
2024-09-06,7,"None",5
2024-09-09,1,"None",5
2024-09-09,7,"None",5
2024-09-10,1,"None",5
2024-09-10,3,"None",5
2024-09-10,4,"None",5
2024-09-11,1,"None",5
2024-09-11,5,"None",5
2024-09-12,5,"None",5
2024-09-12,9,"None",5
2024-09-13,5,"None",5
2024-09-14,6,"None",5
2024-09-16,1,"None",5
2024-09-16,2,"None",5
2024-09-16,5,"None",5
2024-09-16,6,"None",5
2024-09-16,7,"None",5
2024-09-17,1,"None",5
2024-09-18,4,"None",5
2024-09-18,6,"None",5
2024-09-19,1,"None",5
2024-09-19,5,"None",5
2024-09-22,6,"None",5
2024-09-23,1,"None",35
2024-09-23,2,"None",29
2024-09-23,3,"None",18
2024-09-23,4,"None",31
2024-09-23,5,"None",23
2024-09-23,6,"None",94
2024-09-23,7,"None",24
2024-09-23,8,"None",35
2024-09-23,9,"None",111
2024-09-23,10,"None",5
2024-09-24,1,"None",29
2024-09-24,2,"None",26
2024-09-24,3,"None",24
2024-09-24,4,"None",24
2024-09-24,5,"None",36
2024-09-24,6,"None",193
2024-09-24,7,"None",48
2024-09-24,8,"None",49
2024-09-24,9,"None",142
2024-09-24,10,"None",6
2024-09-25,1,"None",33
2024-09-25,2,"None",36
2024-09-25,3,"None",23
2024-09-25,4,"None",24
2024-09-25,5,"None",25
2024-09-25,6,"None",210
2024-09-25,7,"None",39
2024-09-25,8,"None",41
2024-09-25,9,"None",193
2024-09-25,10,"None",6
2024-09-26,1,"None",54
2024-09-26,2,"None",46
2024-09-26,3,"None",37
2024-09-26,4,"None",33
2024-09-26,5,"None",54
2024-09-26,6,"None",190
2024-09-26,7,"None",52
2024-09-26,8,"None",65
2024-09-26,9,"None",188
2024-09-26,10,"None",5
2024-09-27,1,"None",42
2024-09-27,2,"None",26
2024-09-27,3,"None",29
2024-09-27,4,"None",29
2024-09-27,5,"None",50
2024-09-27,6,"None",207
2024-09-27,7,"None",35
2024-09-27,8,"None",59
2024-09-27,9,"None",149
2024-09-27,10,"None",5
2024-09-28,1,"None",25
2024-09-28,2,"None",32
2024-09-28,3,"None",36
2024-09-28,4,"None",49
2024-09-28,5,"None",165
2024-09-28,6,"None",866
2024-09-28,7,"None",190
2024-09-28,8,"None",581
2024-09-28,9,"None",841
2024-09-28,10,"None",34
2024-09-29,1,"None",13
2024-09-29,2,"None",10
2024-09-29,3,"None",16
2024-09-29,4,"None",14
2024-09-29,5,"None",27
2024-09-29,6,"None",221
2024-09-29,7,"None",64
2024-09-29,8,"None",163
2024-09-29,9,"None",317
2024-09-29,10,"None",12
2024-09-30,1,"None",102
2024-09-30,2,"None",231
2024-09-30,3,"None",63
2024-09-30,4,"None",71
2024-09-30,5,"None",107
2024-09-30,6,"None",512
2024-09-30,7,"None",184
2024-09-30,8,"None",278
2024-09-30,9,"None",909
2024-09-30,10,"None",21
2024-10-01,1,"None",146
2024-10-01,2,"None",172
2024-10-01,3,"None",145
2024-10-01,4,"None",143
2024-10-01,5,"None",253
2024-10-01,6,"None",1751
2024-10-01,7,"None",510
2024-10-01,8,"None",790
2024-10-01,9,"None",1869
2024-10-01,10,"None",56
2024-10-02,1,"None",146
2024-10-02,2,"None",134
2024-10-02,3,"None",117
2024-10-02,4,"None",130
2024-10-02,5,"None",251
2024-10-02,6,"None",1491
2024-10-02,7,"None",441
2024-10-02,8,"None",650
2024-10-02,9,"None",1625
2024-10-02,10,"None",77
2024-10-02,11,"None",5
2024-10-03,1,"a_2024",163
2024-10-03,2,"a_2024",130
2024-10-03,3,"a_2024",159
2024-10-03,4,"a_2024",119
2024-10-03,5,"a_2024",246
2024-10-03,6,"a_2024",1401
2024-10-03,7,"a_2024",468
2024-10-03,8,"a_2024",688
2024-10-03,9,"a_2024",1751
2024-10-03,10,"a_2024",64
2024-10-04,1,"a_2024",146
2024-10-04,2,"a_2024",134
2024-10-04,3,"a_2024",119
2024-10-04,4,"a_2024",134
2024-10-04,5,"a_2024",253
2024-10-04,6,"a_2024",1302
2024-10-04,7,"a_2024",329
2024-10-04,8,"a_2024",523
2024-10-04,9,"a_2024",1419
2024-10-04,10,"a_2024",58
2024-10-05,1,"a_2024",112
2024-10-05,2,"a_2024",172
2024-10-05,3,"a_2024",129
2024-10-05,4,"a_2024",159
2024-10-05,5,"a_2024",560
2024-10-05,6,"a_2024",2891
2024-10-05,7,"a_2024",925
2024-10-05,8,"a_2024",1666
2024-10-05,9,"a_2024",3772
2024-10-05,10,"a_2024",244
2024-10-05,11,"a_2024",5
2024-10-06,1,"a_2024",56
2024-10-06,2,"a_2024",38
2024-10-06,3,"a_2024",21
2024-10-06,4,"a_2024",25
2024-10-06,5,"a_2024",51
2024-10-06,6,"a_2024",438
2024-10-06,7,"a_2024",166
2024-10-06,8,"a_2024",233
2024-10-06,9,"a_2024",827
2024-10-06,10,"a_2024",31
2024-10-07,1,"a_2024",134
2024-10-07,2,"a_2024",157
2024-10-07,3,"a_2024",118
2024-10-07,4,"a_2024",144
2024-10-07,5,"a_2024",246
2024-10-07,6,"a_2024",1680
2024-10-07,7,"a_2024",421
2024-10-07,8,"a_2024",621
2024-10-07,9,"a_2024",1555
2024-10-07,10,"a_2024",67
2024-10-08,1,"a_2024",221
2024-10-08,2,"a_2024",233
2024-10-08,3,"a_2024",217
2024-10-08,4,"a_2024",350
2024-10-08,5,"a_2024",632
2024-10-08,6,"a_2024",2615
2024-10-08,7,"a_2024",725
2024-10-08,8,"a_2024",909
2024-10-08,9,"a_2024",2519
2024-10-08,10,"a_2024",83
2024-10-09,1,"a_2024",183
2024-10-09,2,"a_2024",137
2024-10-09,3,"a_2024",138
2024-10-09,4,"a_2024",167
2024-10-09,5,"a_2024",349
2024-10-09,6,"a_2024",2025
2024-10-09,7,"a_2024",668
2024-10-09,8,"a_2024",901
2024-10-09,9,"a_2024",2631
2024-10-09,10,"a_2024",79
2024-10-10,1,"a_2024",254
2024-10-10,2,"a_2024",270
2024-10-10,3,"a_2024",161
2024-10-10,4,"a_2024",226
2024-10-10,5,"a_2024",387
2024-10-10,6,"a_2024",2341
2024-10-10,7,"a_2024",680
2024-10-10,8,"a_2024",878
2024-10-10,9,"a_2024",2308
2024-10-10,10,"a_2024",82
2024-10-11,1,"a_2024",189
2024-10-11,2,"a_2024",153
2024-10-11,3,"a_2024",169
2024-10-11,4,"a_2024",163
2024-10-11,5,"a_2024",387
2024-10-11,6,"a_2024",2460
2024-10-11,7,"a_2024",637
2024-10-11,8,"a_2024",843
2024-10-11,9,"a_2024",2125
2024-10-11,10,"a_2024",62
2024-10-12,1,"a_2024",173
2024-10-12,2,"a_2024",193
2024-10-12,3,"a_2024",193
2024-10-12,4,"a_2024",244
2024-10-12,5,"a_2024",693
2024-10-12,6,"a_2024",4473
2024-10-12,7,"a_2024",981
2024-10-12,8,"a_2024",1568
2024-10-12,9,"a_2024",3295
2024-10-12,10,"a_2024",238
2024-10-12,11,"a_2024",5
2024-10-13,1,"a_2024",47
2024-10-13,2,"a_2024",43
2024-10-13,3,"a_2024",40
2024-10-13,4,"a_2024",46
2024-10-13,5,"a_2024",86
2024-10-13,6,"a_2024",869
2024-10-13,7,"a_2024",266
2024-10-13,8,"a_2024",274
2024-10-13,9,"a_2024",656
2024-10-13,10,"a_2024",70
2024-10-14,1,"a_2024",218
2024-10-14,2,"a_2024",192
2024-10-14,3,"a_2024",212
2024-10-14,4,"a_2024",190
2024-10-14,5,"a_2024",412
2024-10-14,6,"a_2024",2387
2024-10-14,7,"a_2024",843
2024-10-14,8,"a_2024",1117
2024-10-14,9,"a_2024",2974
2024-10-14,10,"a_2024",115
2024-10-15,1,"a_2024",212
2024-10-15,2,"a_2024",201
2024-10-15,3,"a_2024",220
2024-10-15,4,"a_2024",369
2024-10-15,5,"a_2024",699
2024-10-15,6,"a_2024",3146
2024-10-15,7,"a_2024",881
2024-10-15,8,"a_2024",1079
2024-10-15,9,"a_2024",3131
2024-10-15,10,"a_2024",93
2024-10-16,1,"a_2024",252
2024-10-16,2,"a_2024",165
2024-10-16,3,"a_2024",148
2024-10-16,4,"a_2024",212
2024-10-16,5,"a_2024",401
2024-10-16,6,"a_2024",2280
2024-10-16,7,"a_2024",659
2024-10-16,8,"a_2024",996
2024-10-16,9,"a_2024",2736
2024-10-16,10,"a_2024",62
2024-10-17,1,"a_2024",182
2024-10-17,2,"a_2024",122
2024-10-17,3,"a_2024",174
2024-10-17,4,"a_2024",171
2024-10-17,5,"a_2024",388
2024-10-17,6,"a_2024",2373
2024-10-17,7,"a_2024",649
2024-10-17,8,"a_2024",893
2024-10-17,9,"a_2024",2623
2024-10-17,10,"a_2024",61
2024-10-18,1,"a_2024",159
2024-10-18,2,"a_2024",142
2024-10-18,3,"a_2024",160
2024-10-18,4,"a_2024",192
2024-10-18,5,"a_2024",465
2024-10-18,6,"a_2024",2051
2024-10-18,7,"a_2024",636
2024-10-18,8,"a_2024",767
2024-10-18,9,"a_2024",2636
2024-10-18,10,"a_2024",47
2024-10-19,1,"a_2024",163
2024-10-19,2,"a_2024",169
2024-10-19,3,"a_2024",148
2024-10-19,4,"a_2024",225
2024-10-19,5,"a_2024",717
2024-10-19,6,"a_2024",4836
2024-10-19,7,"a_2024",1031
2024-10-19,8,"a_2024",1161
2024-10-19,9,"a_2024",2629
2024-10-19,10,"a_2024",179
2024-10-19,11,"a_2024",5
2024-10-20,1,"a_2024",37
2024-10-20,2,"a_2024",44
2024-10-20,3,"a_2024",30
2024-10-20,4,"a_2024",29
2024-10-20,5,"a_2024",76
2024-10-20,6,"a_2024",1067
2024-10-20,7,"a_2024",148
2024-10-20,8,"a_2024",191
2024-10-20,9,"a_2024",503
2024-10-20,10,"a_2024",31
2024-10-21,1,"a_2024",146
2024-10-21,2,"a_2024",108
2024-10-21,3,"a_2024",114
2024-10-21,4,"a_2024",106
2024-10-21,5,"a_2024",317
2024-10-21,6,"a_2024",1934
2024-10-21,7,"a_2024",534
2024-10-21,8,"a_2024",889
2024-10-21,9,"a_2024",2596
2024-10-21,10,"a_2024",70
2024-10-22,1,"a_2024",316
2024-10-22,2,"a_2024",213
2024-10-22,3,"a_2024",189
2024-10-22,4,"a_2024",370
2024-10-22,5,"a_2024",702
2024-10-22,6,"a_2024",2948
2024-10-22,7,"a_2024",752
2024-10-22,8,"a_2024",1048
2024-10-22,9,"a_2024",2584
2024-10-22,10,"a_2024",73
2024-10-22,11,"a_2024",5
2024-10-23,1,"a_2024",239
2024-10-23,2,"a_2024",138
2024-10-23,3,"a_2024",143
2024-10-23,4,"a_2024",153
2024-10-23,5,"a_2024",403
2024-10-23,6,"a_2024",2545
2024-10-23,7,"a_2024",598
2024-10-23,8,"a_2024",828
2024-10-23,9,"a_2024",2150
2024-10-23,10,"a_2024",73
2024-10-23,11,"a_2024",5
2024-10-24,1,"a_2024",215
2024-10-24,2,"a_2024",179
2024-10-24,3,"a_2024",143
2024-10-24,4,"a_2024",214
2024-10-24,5,"a_2024",489
2024-10-24,6,"a_2024",2837
2024-10-24,7,"a_2024",790
2024-10-24,8,"a_2024",751
2024-10-24,9,"a_2024",2222
2024-10-24,10,"a_2024",51
2024-10-25,1,"a_2024",190
2024-10-25,2,"a_2024",135
2024-10-25,3,"a_2024",154
2024-10-25,4,"a_2024",194
2024-10-25,5,"a_2024",444
2024-10-25,6,"a_2024",2611
2024-10-25,7,"a_2024",572
2024-10-25,8,"a_2024",869
2024-10-25,9,"a_2024",2478
2024-10-25,10,"a_2024",69
2024-10-26,1,"a_2024",154
2024-10-26,2,"a_2024",115
2024-10-26,3,"a_2024",131
2024-10-26,4,"a_2024",156
2024-10-26,5,"a_2024",473
2024-10-26,6,"a_2024",3265
2024-10-26,7,"a_2024",499
2024-10-26,8,"a_2024",690
2024-10-26,9,"a_2024",1562
2024-10-26,10,"a_2024",90
2024-10-27,1,"a_2024",58
2024-10-27,2,"a_2024",62
2024-10-27,3,"a_2024",55
2024-10-27,4,"a_2024",72
2024-10-27,5,"a_2024",146
2024-10-27,6,"a_2024",1663
2024-10-27,7,"a_2024",144
2024-10-27,8,"a_2024",163
2024-10-27,9,"a_2024",451
2024-10-27,10,"a_2024",19
2024-10-28,1,"a_2024",150
2024-10-28,2,"a_2024",146
2024-10-28,3,"a_2024",151
2024-10-28,4,"a_2024",165
2024-10-28,5,"a_2024",344
2024-10-28,6,"a_2024",2565
2024-10-28,7,"a_2024",442
2024-10-28,8,"a_2024",662
2024-10-28,9,"a_2024",1784
2024-10-28,10,"a_2024",45
2024-10-29,1,"a_2024",212
2024-10-29,2,"a_2024",164
2024-10-29,3,"a_2024",148
2024-10-29,4,"a_2024",157
2024-10-29,5,"a_2024",425
2024-10-29,6,"a_2024",2951
2024-10-29,7,"a_2024",492
2024-10-29,8,"a_2024",681
2024-10-29,9,"a_2024",1834
2024-10-29,10,"a_2024",60
2024-10-30,1,"a_2024",183
2024-10-30,2,"a_2024",175
2024-10-30,3,"a_2024",166
2024-10-30,4,"a_2024",173
2024-10-30,5,"a_2024",445
2024-10-30,6,"a_2024",3005
2024-10-30,7,"a_2024",516
2024-10-30,8,"a_2024",655
2024-10-30,9,"a_2024",1631
2024-10-30,10,"a_2024",47
2024-10-31,1,"a_2024",177
2024-10-31,2,"a_2024",138
2024-10-31,3,"a_2024",113
2024-10-31,4,"a_2024",151
2024-10-31,5,"a_2024",369
2024-10-31,6,"a_2024",2319
2024-10-31,7,"a_2024",382
2024-10-31,8,"a_2024",535
2024-10-31,9,"a_2024",1484
2024-10-31,10,"a_2024",35
2024-11-01,1,"a_2024",177
2024-11-01,2,"a_2024",111
2024-11-01,3,"a_2024",134
2024-11-01,4,"a_2024",145
2024-11-01,5,"a_2024",385
2024-11-01,6,"a_2024",2652
2024-11-01,7,"a_2024",374
2024-11-01,8,"a_2024",462
2024-11-01,9,"a_2024",1216
2024-11-01,10,"a_2024",48
2024-11-02,1,"a_2024",144
2024-11-02,2,"a_2024",110
2024-11-02,3,"a_2024",136
2024-11-02,4,"a_2024",132
2024-11-02,5,"a_2024",295
2024-11-02,6,"a_2024",2648
2024-11-02,7,"a_2024",267
2024-11-02,8,"a_2024",303
2024-11-02,9,"a_2024",715
2024-11-02,10,"a_2024",70
2024-11-03,1,"a_2024",72
2024-11-03,2,"a_2024",51
2024-11-03,3,"a_2024",39
2024-11-03,4,"a_2024",60
2024-11-03,5,"a_2024",187
2024-11-03,6,"a_2024",1541
2024-11-03,7,"a_2024",92
2024-11-03,8,"a_2024",103
2024-11-03,9,"a_2024",270
2024-11-03,10,"a_2024",29
2024-11-04,1,"a_2024",353
2024-11-04,2,"a_2024",170
2024-11-04,3,"a_2024",116
2024-11-04,4,"a_2024",179
2024-11-04,5,"a_2024",425
2024-11-04,6,"a_2024",2379
2024-11-04,7,"a_2024",450
2024-11-04,8,"a_2024",657
2024-11-04,9,"a_2024",1480
2024-11-04,10,"a_2024",55
2024-11-05,1,"a_2024",186
2024-11-05,2,"a_2024",136
2024-11-05,3,"a_2024",151
2024-11-05,4,"a_2024",196
2024-11-05,5,"a_2024",481
2024-11-05,6,"a_2024",2804
2024-11-05,7,"a_2024",461
2024-11-05,8,"a_2024",554
2024-11-05,9,"a_2024",1456
2024-11-05,10,"a_2024",59
2024-11-06,1,"a_2024",176
2024-11-06,2,"a_2024",133
2024-11-06,3,"a_2024",137
2024-11-06,4,"a_2024",143
2024-11-06,5,"a_2024",417
2024-11-06,6,"a_2024",2791
2024-11-06,7,"a_2024",451
2024-11-06,8,"a_2024",539
2024-11-06,9,"a_2024",1417
2024-11-06,10,"a_2024",59
2024-11-07,1,"a_2024",281
2024-11-07,2,"a_2024",160
2024-11-07,3,"a_2024",205
2024-11-07,4,"a_2024",193
2024-11-07,5,"a_2024",539
2024-11-07,6,"a_2024",3190
2024-11-07,7,"a_2024",467
2024-11-07,8,"a_2024",587
2024-11-07,9,"a_2024",1203
2024-11-07,10,"a_2024",56
2024-11-08,1,"a_2024",172
2024-11-08,2,"a_2024",129
2024-11-08,3,"a_2024",135
2024-11-08,4,"a_2024",165
2024-11-08,5,"a_2024",425
2024-11-08,6,"a_2024",2717
2024-11-08,7,"a_2024",421
2024-11-08,8,"a_2024",483
2024-11-08,9,"a_2024",1122
2024-11-08,10,"a_2024",46
2024-11-09,1,"a_2024",162
2024-11-09,2,"a_2024",103
2024-11-09,3,"a_2024",121
2024-11-09,4,"a_2024",144
2024-11-09,5,"a_2024",305
2024-11-09,6,"a_2024",1689
2024-11-09,7,"a_2024",249
2024-11-09,8,"a_2024",284
2024-11-09,9,"a_2024",637
2024-11-09,10,"a_2024",128
2024-11-10,1,"a_2024",64
2024-11-10,2,"a_2024",36
2024-11-10,3,"a_2024",52
2024-11-10,4,"a_2024",47
2024-11-10,5,"a_2024",143
2024-11-10,6,"a_2024",811
2024-11-10,7,"a_2024",87
2024-11-10,8,"a_2024",214
2024-11-10,9,"a_2024",250
2024-11-10,10,"a_2024",45
2024-11-11,1,"a_2024",180
2024-11-11,2,"a_2024",110
2024-11-11,3,"a_2024",132
2024-11-11,4,"a_2024",181
2024-11-11,5,"a_2024",465
2024-11-11,6,"a_2024",2595
2024-11-11,7,"a_2024",389
2024-11-11,8,"a_2024",509
2024-11-11,9,"a_2024",1081
2024-11-11,10,"a_2024",61
2024-11-11,11,"a_2024",5
2024-11-12,1,"a_2024",199
2024-11-12,2,"a_2024",129
2024-11-12,3,"a_2024",151
2024-11-12,4,"a_2024",205
2024-11-12,5,"a_2024",486
2024-11-12,6,"a_2024",3153
2024-11-12,7,"a_2024",463
2024-11-12,8,"a_2024",520
2024-11-12,9,"a_2024",1089
2024-11-12,10,"a_2024",40
2024-11-13,1,"a_2024",231
2024-11-13,2,"a_2024",187
2024-11-13,3,"a_2024",179
2024-11-13,4,"a_2024",219
2024-11-13,5,"a_2024",577
2024-11-13,6,"a_2024",3477
2024-11-13,7,"a_2024",563
2024-11-13,8,"a_2024",464
2024-11-13,9,"a_2024",1013
2024-11-13,10,"a_2024",53
2024-11-14,1,"a_2024",306
2024-11-14,2,"a_2024",180
2024-11-14,3,"a_2024",157
2024-11-14,4,"a_2024",203
2024-11-14,5,"a_2024",588
2024-11-14,6,"a_2024",3582
2024-11-14,7,"a_2024",320
2024-11-14,8,"a_2024",425
2024-11-14,9,"a_2024",786
2024-11-14,10,"a_2024",55
2024-11-15,1,"a_2024",175
2024-11-15,2,"a_2024",143
2024-11-15,3,"a_2024",153
2024-11-15,4,"a_2024",168
2024-11-15,5,"a_2024",468
2024-11-15,6,"a_2024",3181
2024-11-15,7,"a_2024",374
2024-11-15,8,"a_2024",424
2024-11-15,9,"a_2024",706
2024-11-15,10,"a_2024",44
2024-11-16,1,"a_2024",135
2024-11-16,2,"a_2024",108
2024-11-16,3,"a_2024",135
2024-11-16,4,"a_2024",142
2024-11-16,5,"a_2024",369
2024-11-16,6,"a_2024",2308
2024-11-16,7,"a_2024",211
2024-11-16,8,"a_2024",226
2024-11-16,9,"a_2024",416
2024-11-16,10,"a_2024",44
2024-11-17,1,"a_2024",58
2024-11-17,2,"a_2024",45
2024-11-17,3,"a_2024",53
2024-11-17,4,"a_2024",63
2024-11-17,5,"a_2024",184
2024-11-17,6,"a_2024",1354
2024-11-17,7,"a_2024",78
2024-11-17,8,"a_2024",105
2024-11-17,9,"a_2024",229
2024-11-17,10,"a_2024",17
2024-11-17,11,"a_2024",5
2024-11-18,1,"a_2024",160
2024-11-18,2,"a_2024",128
2024-11-18,3,"a_2024",130
2024-11-18,4,"a_2024",168
2024-11-18,5,"a_2024",409
2024-11-18,6,"a_2024",2883
2024-11-18,7,"a_2024",307
2024-11-18,8,"a_2024",377
2024-11-18,9,"a_2024",742
2024-11-18,10,"a_2024",48
2024-11-19,1,"a_2024",152
2024-11-19,2,"a_2024",128
2024-11-19,3,"a_2024",146
2024-11-19,4,"a_2024",152
2024-11-19,5,"a_2024",458
2024-11-19,6,"a_2024",3451
2024-11-19,7,"a_2024",353
2024-11-19,8,"a_2024",344
2024-11-19,9,"a_2024",591
2024-11-19,10,"a_2024",44
2024-11-20,1,"a_2024",167
2024-11-20,2,"a_2024",146
2024-11-20,3,"a_2024",112
2024-11-20,4,"a_2024",140
2024-11-20,5,"a_2024",480
2024-11-20,6,"a_2024",3214
2024-11-20,7,"a_2024",309
2024-11-20,8,"a_2024",295
2024-11-20,9,"a_2024",580
2024-11-20,10,"a_2024",46
2024-11-21,1,"a_2024",193
2024-11-21,2,"a_2024",152
2024-11-21,3,"a_2024",147
2024-11-21,4,"a_2024",157
2024-11-21,5,"a_2024",480
2024-11-21,6,"a_2024",3136
2024-11-21,7,"a_2024",342
2024-11-21,8,"a_2024",340
2024-11-21,9,"a_2024",655
2024-11-21,10,"a_2024",50
2024-11-22,1,"a_2024",172
2024-11-22,2,"a_2024",126
2024-11-22,3,"a_2024",136
2024-11-22,4,"a_2024",157
2024-11-22,5,"a_2024",383
2024-11-22,6,"a_2024",3024
2024-11-22,7,"a_2024",297
2024-11-22,8,"a_2024",308
2024-11-22,9,"a_2024",581
2024-11-22,10,"a_2024",46
2024-11-23,1,"a_2024",119
2024-11-23,2,"a_2024",98
2024-11-23,3,"a_2024",108
2024-11-23,4,"a_2024",97
2024-11-23,5,"a_2024",277
2024-11-23,6,"a_2024",2265
2024-11-23,7,"a_2024",126
2024-11-23,8,"a_2024",141
2024-11-23,9,"a_2024",240
2024-11-23,10,"a_2024",19
2024-11-24,1,"a_2024",52
2024-11-24,2,"a_2024",41
2024-11-24,3,"a_2024",38
2024-11-24,4,"a_2024",52
2024-11-24,5,"a_2024",163
2024-11-24,6,"a_2024",1338
2024-11-24,7,"a_2024",68
2024-11-24,8,"a_2024",63
2024-11-24,9,"a_2024",153
2024-11-24,10,"a_2024",10
2024-11-25,1,"a_2024",156
2024-11-25,2,"a_2024",97
2024-11-25,3,"a_2024",125
2024-11-25,4,"a_2024",129
2024-11-25,5,"a_2024",388
2024-11-25,6,"a_2024",3019
2024-11-25,7,"a_2024",243
2024-11-25,8,"a_2024",240
2024-11-25,9,"a_2024",535
2024-11-25,10,"a_2024",37
2024-11-26,1,"a_2024",155
2024-11-26,2,"a_2024",103
2024-11-26,3,"a_2024",140
2024-11-26,4,"a_2024",121
2024-11-26,5,"a_2024",400
2024-11-26,6,"a_2024",3127
2024-11-26,7,"a_2024",245
2024-11-26,8,"a_2024",266
2024-11-26,9,"a_2024",491
2024-11-26,10,"a_2024",39
2024-11-27,1,"a_2024",164
2024-11-27,2,"a_2024",131
2024-11-27,3,"a_2024",121
2024-11-27,4,"a_2024",130
2024-11-27,5,"a_2024",458
2024-11-27,6,"a_2024",3256
2024-11-27,7,"a_2024",269
2024-11-27,8,"a_2024",288
2024-11-27,9,"a_2024",552
2024-11-27,10,"a_2024",35
2024-11-27,11,"a_2024",5
2024-11-28,1,"a_2024",219
2024-11-28,2,"a_2024",175
2024-11-28,3,"a_2024",130
2024-11-28,4,"a_2024",142
2024-11-28,5,"a_2024",487
2024-11-28,6,"a_2024",3048
2024-11-28,7,"a_2024",290
2024-11-28,8,"a_2024",291
2024-11-28,9,"a_2024",621
2024-11-28,10,"a_2024",43
2024-11-29,1,"a_2024",135
2024-11-29,2,"a_2024",130
2024-11-29,3,"a_2024",127
2024-11-29,4,"a_2024",133
2024-11-29,5,"a_2024",441
2024-11-29,6,"a_2024",2776
2024-11-29,7,"a_2024",301
2024-11-29,8,"a_2024",274
2024-11-29,9,"a_2024",573
2024-11-29,10,"a_2024",34
2024-11-30,1,"a_2024",114
2024-11-30,2,"a_2024",92
2024-11-30,3,"a_2024",82
2024-11-30,4,"a_2024",114
2024-11-30,5,"a_2024",270
2024-11-30,6,"a_2024",2101
2024-11-30,7,"a_2024",122
2024-11-30,8,"a_2024",139
2024-11-30,9,"a_2024",279
2024-11-30,10,"a_2024",21
2024-11-30,11,"a_2024",5
2024-12-01,1,"a_2024",44
2024-12-01,2,"a_2024",43
2024-12-01,3,"a_2024",39
2024-12-01,4,"a_2024",49
2024-12-01,5,"a_2024",141
2024-12-01,6,"a_2024",1107
2024-12-01,7,"a_2024",70
2024-12-01,8,"a_2024",107
2024-12-01,9,"a_2024",222
2024-12-01,10,"a_2024",21
2024-12-02,1,"a_2024",130
2024-12-02,2,"a_2024",110
2024-12-02,3,"a_2024",107
2024-12-02,4,"a_2024",134
2024-12-02,5,"a_2024",364
2024-12-02,6,"a_2024",2227
2024-12-02,7,"a_2024",204
2024-12-02,8,"a_2024",214
2024-12-02,9,"a_2024",446
2024-12-02,10,"a_2024",30
2024-12-03,1,"a_2024",141
2024-12-03,2,"a_2024",102
2024-12-03,3,"a_2024",133
2024-12-03,4,"a_2024",123
2024-12-03,5,"a_2024",297
2024-12-03,6,"a_2024",2534
2024-12-03,7,"a_2024",212
2024-12-03,8,"a_2024",216
2024-12-03,9,"a_2024",386
2024-12-03,10,"a_2024",32
2024-12-04,1,"a_2024",160
2024-12-04,2,"a_2024",101
2024-12-04,3,"a_2024",98
2024-12-04,4,"a_2024",126
2024-12-04,5,"a_2024",336
2024-12-04,6,"a_2024",2357
2024-12-04,7,"a_2024",182
2024-12-04,8,"a_2024",237
2024-12-04,9,"a_2024",347
2024-12-04,10,"a_2024",30
2024-12-05,1,"a_2024",151
2024-12-05,2,"a_2024",109
2024-12-05,3,"a_2024",120
2024-12-05,4,"a_2024",119
2024-12-05,5,"a_2024",355
2024-12-05,6,"a_2024",2536
2024-12-05,7,"a_2024",196
2024-12-05,8,"a_2024",169
2024-12-05,9,"a_2024",357
2024-12-05,10,"a_2024",31
2024-12-06,1,"a_2024",137
2024-12-06,2,"a_2024",86
2024-12-06,3,"a_2024",94
2024-12-06,4,"a_2024",115
2024-12-06,5,"a_2024",366
2024-12-06,6,"a_2024",2451
2024-12-06,7,"a_2024",200
2024-12-06,8,"a_2024",212
2024-12-06,9,"a_2024",468
2024-12-06,10,"a_2024",24
2024-12-07,1,"a_2024",97
2024-12-07,2,"a_2024",73
2024-12-07,3,"a_2024",78
2024-12-07,4,"a_2024",88
2024-12-07,5,"a_2024",231
2024-12-07,6,"a_2024",1335
2024-12-07,7,"a_2024",84
2024-12-07,8,"a_2024",114
2024-12-07,9,"a_2024",186
2024-12-07,10,"a_2024",8
2024-12-08,1,"a_2024",52
2024-12-08,2,"a_2024",27
2024-12-08,3,"a_2024",27
2024-12-08,4,"a_2024",70
2024-12-08,5,"a_2024",216
2024-12-08,6,"a_2024",874
2024-12-08,7,"a_2024",113
2024-12-08,8,"a_2024",72
2024-12-08,9,"a_2024",104
2024-12-08,10,"a_2024",6
2024-12-09,1,"a_2024",121
2024-12-09,2,"a_2024",83
2024-12-09,3,"a_2024",78
2024-12-09,4,"a_2024",106
2024-12-09,5,"a_2024",341
2024-12-09,6,"a_2024",2145
2024-12-09,7,"a_2024",197
2024-12-09,8,"a_2024",181
2024-12-09,9,"a_2024",429
2024-12-09,10,"a_2024",41
2024-12-10,1,"a_2024",149
2024-12-10,2,"a_2024",97
2024-12-10,3,"a_2024",90
2024-12-10,4,"a_2024",129
2024-12-10,5,"a_2024",394
2024-12-10,6,"a_2024",2241
2024-12-10,7,"a_2024",145
2024-12-10,8,"a_2024",154
2024-12-10,9,"a_2024",283
2024-12-10,10,"a_2024",19
2024-12-11,1,"a_2024",122
2024-12-11,2,"a_2024",98
2024-12-11,3,"a_2024",86
2024-12-11,4,"a_2024",93
2024-12-11,5,"a_2024",343
2024-12-11,6,"a_2024",1997
2024-12-11,7,"a_2024",154
2024-12-11,8,"a_2024",154
2024-12-11,9,"a_2024",294
2024-12-11,10,"a_2024",26
2024-12-12,1,"a_2024",126
2024-12-12,2,"a_2024",68
2024-12-12,3,"a_2024",98
2024-12-12,4,"a_2024",94
2024-12-12,5,"a_2024",292
2024-12-12,6,"a_2024",1964
2024-12-12,7,"a_2024",155
2024-12-12,8,"a_2024",146
2024-12-12,9,"a_2024",240
2024-12-12,10,"a_2024",39
2024-12-13,1,"a_2024",178
2024-12-13,2,"a_2024",88
2024-12-13,3,"a_2024",75
2024-12-13,4,"a_2024",125
2024-12-13,5,"a_2024",350
2024-12-13,6,"a_2024",1764
2024-12-13,7,"a_2024",128
2024-12-13,8,"a_2024",125
2024-12-13,9,"a_2024",228
2024-12-13,10,"a_2024",21
2024-12-14,1,"a_2024",109
2024-12-14,2,"a_2024",121
2024-12-14,3,"a_2024",55
2024-12-14,4,"a_2024",78
2024-12-14,5,"a_2024",198
2024-12-14,6,"a_2024",1316
2024-12-14,7,"a_2024",73
2024-12-14,8,"a_2024",78
2024-12-14,9,"a_2024",155
2024-12-14,10,"a_2024",10
2024-12-15,1,"a_2024",27
2024-12-15,2,"a_2024",29
2024-12-15,3,"a_2024",20
2024-12-15,4,"a_2024",25
2024-12-15,5,"a_2024",81
2024-12-15,6,"a_2024",449
2024-12-15,7,"a_2024",22
2024-12-15,8,"a_2024",38
2024-12-15,9,"a_2024",44
2024-12-15,10,"a_2024",7
2024-12-16,1,"a_2024",90
2024-12-16,2,"a_2024",70
2024-12-16,3,"a_2024",86
2024-12-16,4,"a_2024",95
2024-12-16,5,"a_2024",269
2024-12-16,6,"a_2024",1565
2024-12-16,7,"a_2024",133
2024-12-16,8,"a_2024",138
2024-12-16,9,"a_2024",219
2024-12-16,10,"a_2024",22
2024-12-17,1,"a_2024",131
2024-12-17,2,"a_2024",81
2024-12-17,3,"a_2024",80
2024-12-17,4,"a_2024",115
2024-12-17,5,"a_2024",328
2024-12-17,6,"a_2024",1642
2024-12-17,7,"a_2024",119
2024-12-17,8,"a_2024",100
2024-12-17,9,"a_2024",182
2024-12-17,10,"a_2024",20
2024-12-18,1,"a_2024",111
2024-12-18,2,"a_2024",58
2024-12-18,3,"a_2024",60
2024-12-18,4,"a_2024",98
2024-12-18,5,"a_2024",256
2024-12-18,6,"a_2024",1437
2024-12-18,7,"a_2024",100
2024-12-18,8,"a_2024",104
2024-12-18,9,"a_2024",155
2024-12-18,10,"a_2024",11
2024-12-19,1,"a_2024",108
2024-12-19,2,"a_2024",65
2024-12-19,3,"a_2024",82
2024-12-19,4,"a_2024",93
2024-12-19,5,"a_2024",252
2024-12-19,6,"a_2024",1290
2024-12-19,7,"a_2024",108
2024-12-19,8,"a_2024",92
2024-12-19,9,"a_2024",179
2024-12-19,10,"a_2024",17
2024-12-20,1,"a_2024",126
2024-12-20,2,"a_2024",61
2024-12-20,3,"a_2024",55
2024-12-20,4,"a_2024",76
2024-12-20,5,"a_2024",217
2024-12-20,6,"a_2024",1124
2024-12-20,7,"a_2024",85
2024-12-20,8,"a_2024",96
2024-12-20,9,"a_2024",171
2024-12-20,10,"a_2024",13
2024-12-21,1,"a_2024",35
2024-12-21,2,"a_2024",41
2024-12-21,3,"a_2024",21
2024-12-21,4,"a_2024",39
2024-12-21,5,"a_2024",112
2024-12-21,6,"a_2024",538
2024-12-21,7,"a_2024",34
2024-12-21,8,"a_2024",41
2024-12-21,9,"a_2024",41
2024-12-21,10,"a_2024",7
2024-12-22,1,"a_2024",35
2024-12-22,2,"a_2024",21
2024-12-22,3,"a_2024",18
2024-12-22,4,"a_2024",23
2024-12-22,5,"a_2024",68
2024-12-22,6,"a_2024",470
2024-12-22,7,"a_2024",26
2024-12-22,8,"a_2024",30
2024-12-22,9,"a_2024",40
2024-12-22,10,"a_2024",5
2024-12-23,1,"a_2024",54
2024-12-23,2,"a_2024",38
2024-12-23,3,"a_2024",32
2024-12-23,4,"a_2024",52
2024-12-23,5,"a_2024",123
2024-12-23,6,"a_2024",559
2024-12-23,7,"a_2024",47
2024-12-23,8,"a_2024",61
2024-12-23,9,"a_2024",107
2024-12-23,10,"a_2024",13
2024-12-24,1,"a_2024",17
2024-12-24,2,"a_2024",11
2024-12-24,3,"a_2024",8
2024-12-24,4,"a_2024",15
2024-12-24,5,"a_2024",39
2024-12-24,6,"a_2024",141
2024-12-24,7,"a_2024",7
2024-12-24,8,"a_2024",15
2024-12-24,9,"a_2024",15
2024-12-24,10,"a_2024",5
2024-12-27,1,"a_2024",38
2024-12-27,2,"a_2024",12
2024-12-27,3,"a_2024",22
2024-12-27,4,"a_2024",36
2024-12-27,5,"a_2024",99
2024-12-27,6,"a_2024",474
2024-12-27,7,"a_2024",34
2024-12-27,8,"a_2024",49
2024-12-27,9,"a_2024",89
2024-12-27,10,"a_2024",10
2024-12-28,1,"a_2024",23
2024-12-28,2,"a_2024",11
2024-12-28,3,"a_2024",18
2024-12-28,4,"a_2024",19
2024-12-28,5,"a_2024",60
2024-12-28,6,"a_2024",266
2024-12-28,7,"a_2024",26
2024-12-28,8,"a_2024",24
2024-12-28,9,"a_2024",56
2024-12-28,10,"a_2024",13
2024-12-29,1,"a_2024",10
2024-12-29,2,"a_2024",5
2024-12-29,3,"a_2024",9
2024-12-29,4,"a_2024",6
2024-12-29,5,"a_2024",18
2024-12-29,6,"a_2024",108
2024-12-29,7,"a_2024",6
2024-12-29,8,"a_2024",5
2024-12-29,9,"a_2024",15
2024-12-29,10,"a_2024",6
2024-12-30,1,"a_2024",63
2024-12-30,2,"a_2024",29
2024-12-30,3,"a_2024",36
2024-12-30,4,"a_2024",46
2024-12-30,5,"a_2024",106
2024-12-30,6,"a_2024",498
2024-12-30,7,"a_2024",50
2024-12-30,8,"a_2024",58
2024-12-30,9,"a_2024",83
2024-12-30,10,"a_2024",13
2024-12-31,1,"a_2024",30
2024-12-31,2,"a_2024",12
2024-12-31,3,"a_2024",11
2024-12-31,4,"a_2024",12
2024-12-31,5,"a_2024",59
2024-12-31,6,"a_2024",209
2024-12-31,7,"a_2024",12
2024-12-31,8,"a_2024",24
2024-12-31,9,"a_2024",40
2024-12-31,10,"a_2024",5
2025-01-02,1,"a_2024",15
2025-01-02,2,"a_2024",8
2025-01-02,3,"a_2024",8
2025-01-02,4,"a_2024",31
2025-01-02,5,"a_2024",30
2025-01-02,6,"a_2024",192
2025-01-02,7,"a_2024",16
2025-01-02,8,"a_2024",37
2025-01-02,9,"a_2024",46
2025-01-02,10,"a_2024",9
2025-01-03,1,"a_2024",43
2025-01-03,2,"a_2024",32
2025-01-03,3,"a_2024",36
2025-01-03,4,"a_2024",49
2025-01-03,5,"a_2024",133
2025-01-03,6,"a_2024",424
2025-01-03,7,"a_2024",47
2025-01-03,8,"a_2024",53
2025-01-03,9,"a_2024",130
2025-01-03,10,"a_2024",29
2025-01-03,11,"a_2024",5
2025-01-04,1,"a_2024",39
2025-01-04,2,"a_2024",24
2025-01-04,3,"a_2024",8
2025-01-04,4,"a_2024",27
2025-01-04,5,"a_2024",61
2025-01-04,6,"a_2024",238
2025-01-04,7,"a_2024",23
2025-01-04,8,"a_2024",21
2025-01-04,9,"a_2024",66
2025-01-04,10,"a_2024",45
2025-01-05,1,"a_2024",11
2025-01-05,2,"a_2024",7
2025-01-05,3,"a_2024",10
2025-01-05,4,"a_2024",8
2025-01-05,5,"a_2024",22
2025-01-05,6,"a_2024",127
2025-01-05,7,"a_2024",11
2025-01-05,8,"a_2024",18
2025-01-05,9,"a_2024",41
2025-01-05,10,"a_2024",24
2025-01-06,1,"a_2024",36
2025-01-06,2,"a_2024",13
2025-01-06,3,"a_2024",23
2025-01-06,4,"a_2024",25
2025-01-06,5,"a_2024",84
2025-01-06,6,"a_2024",307
2025-01-06,7,"a_2024",25
2025-01-06,8,"a_2024",44
2025-01-06,9,"a_2024",55
2025-01-06,10,"a_2024",12
2025-01-07,1,"a_2024",46
2025-01-07,2,"a_2024",25
2025-01-07,3,"a_2024",20
2025-01-07,4,"a_2024",29
2025-01-07,5,"a_2024",72
2025-01-07,6,"a_2024",272
2025-01-07,7,"a_2024",41
2025-01-07,8,"a_2024",44
2025-01-07,9,"a_2024",75
2025-01-07,10,"a_2024",5
2025-01-08,1,"a_2024",31
2025-01-08,2,"a_2024",20
2025-01-08,3,"a_2024",21
2025-01-08,4,"a_2024",20
2025-01-08,5,"a_2024",83
2025-01-08,6,"a_2024",287
2025-01-08,7,"a_2024",30
2025-01-08,8,"a_2024",32
2025-01-08,9,"a_2024",37
2025-01-08,10,"a_2024",11
2025-01-09,1,"a_2024",50
2025-01-09,2,"a_2024",40
2025-01-09,3,"a_2024",14
2025-01-09,4,"a_2024",38
2025-01-09,5,"a_2024",80
2025-01-09,6,"a_2024",317
2025-01-09,7,"a_2024",34
2025-01-09,8,"a_2024",36
2025-01-09,9,"a_2024",71
2025-01-09,10,"a_2024",5
2025-01-10,1,"a_2024",43
2025-01-10,2,"a_2024",23
2025-01-10,3,"a_2024",29
2025-01-10,4,"a_2024",33
2025-01-10,5,"a_2024",119
2025-01-10,6,"a_2024",370
2025-01-10,7,"a_2024",31
2025-01-10,8,"a_2024",40
2025-01-10,9,"a_2024",62
2025-01-10,10,"a_2024",11
2025-01-11,1,"a_2024",16
2025-01-11,2,"a_2024",9
2025-01-11,3,"a_2024",12
2025-01-11,4,"a_2024",32
2025-01-11,5,"a_2024",44
2025-01-11,6,"a_2024",201
2025-01-11,7,"a_2024",12
2025-01-11,8,"a_2024",19
2025-01-11,9,"a_2024",39
2025-01-11,10,"a_2024",5
2025-01-12,1,"a_2024",12
2025-01-12,2,"a_2024",9
2025-01-12,3,"a_2024",7
2025-01-12,4,"a_2024",11
2025-01-12,5,"a_2024",15
2025-01-12,6,"a_2024",60
2025-01-12,7,"a_2024",6
2025-01-12,8,"a_2024",5
2025-01-12,9,"a_2024",9
2025-01-13,1,"a_2024",47
2025-01-13,2,"a_2024",24
2025-01-13,3,"a_2024",15
2025-01-13,4,"a_2024",40
2025-01-13,5,"a_2024",79
2025-01-13,6,"a_2024",251
2025-01-13,7,"a_2024",17
2025-01-13,8,"a_2024",21
2025-01-13,9,"a_2024",36
2025-01-13,10,"a_2024",5
2025-01-14,1,"a_2024",47
2025-01-14,2,"a_2024",21
2025-01-14,3,"a_2024",27
2025-01-14,4,"a_2024",43
2025-01-14,5,"a_2024",98
2025-01-14,6,"a_2024",323
2025-01-14,7,"a_2024",52
2025-01-14,8,"a_2024",77
2025-01-14,9,"a_2024",74
2025-01-14,10,"a_2024",6
2025-01-15,1,"a_2024",40
2025-01-15,2,"a_2024",32
2025-01-15,3,"a_2024",22
2025-01-15,4,"a_2024",36
2025-01-15,5,"a_2024",90
2025-01-15,6,"a_2024",298
2025-01-15,7,"a_2024",26
2025-01-15,8,"a_2024",34
2025-01-15,9,"a_2024",53
2025-01-15,10,"a_2024",5
2025-01-16,1,"a_2024",36
2025-01-16,2,"a_2024",24
2025-01-16,3,"a_2024",16
2025-01-16,4,"a_2024",28
2025-01-16,5,"a_2024",56
2025-01-16,6,"a_2024",196
2025-01-16,7,"a_2024",33
2025-01-16,8,"a_2024",42
2025-01-16,9,"a_2024",51
2025-01-16,10,"a_2024",5
2025-01-17,1,"a_2024",29
2025-01-17,2,"a_2024",30
2025-01-17,3,"a_2024",19
2025-01-17,4,"a_2024",35
2025-01-17,5,"a_2024",84
2025-01-17,6,"a_2024",288
2025-01-17,7,"a_2024",101
2025-01-17,8,"a_2024",73
2025-01-17,9,"a_2024",67
2025-01-17,10,"a_2024",5
2025-01-17,11,"a_2024",5
2025-01-18,1,"a_2024",19
2025-01-18,2,"a_2024",5
2025-01-18,3,"a_2024",11
2025-01-18,4,"a_2024",25
2025-01-18,5,"a_2024",23
2025-01-18,6,"a_2024",102
2025-01-18,7,"a_2024",9
2025-01-18,8,"a_2024",22
2025-01-18,9,"a_2024",33
2025-01-18,10,"a_2024",5
2025-01-19,1,"a_2024",13
2025-01-19,2,"a_2024",5
2025-01-19,3,"a_2024",5
2025-01-19,4,"a_2024",13
2025-01-19,5,"a_2024",24
2025-01-19,6,"a_2024",113
2025-01-19,7,"a_2024",13
2025-01-19,8,"a_2024",15
2025-01-19,9,"a_2024",22
2025-01-19,10,"a_2024",7
2025-01-20,1,"a_2024",34
2025-01-20,2,"a_2024",15
2025-01-20,3,"a_2024",20
2025-01-20,4,"a_2024",35
2025-01-20,5,"a_2024",119
2025-01-20,6,"a_2024",278
2025-01-20,7,"a_2024",60
2025-01-20,8,"a_2024",56
2025-01-20,9,"a_2024",54
2025-01-20,10,"a_2024",14
2025-01-21,1,"a_2024",39
2025-01-21,2,"a_2024",13
2025-01-21,3,"a_2024",16
2025-01-21,4,"a_2024",45
2025-01-21,5,"a_2024",197
2025-01-21,6,"a_2024",254
2025-01-21,7,"a_2024",45
2025-01-21,8,"a_2024",46
2025-01-21,9,"a_2024",40
2025-01-21,10,"a_2024",10
2025-01-22,1,"a_2024",53
2025-01-22,2,"a_2024",26
2025-01-22,3,"a_2024",27
2025-01-22,4,"a_2024",52
2025-01-22,5,"a_2024",139
2025-01-22,6,"a_2024",203
2025-01-22,7,"a_2024",30
2025-01-22,8,"a_2024",39
2025-01-22,9,"a_2024",50
2025-01-22,10,"a_2024",26
2025-01-23,1,"a_2024",40
2025-01-23,2,"a_2024",16
2025-01-23,3,"a_2024",14
2025-01-23,4,"a_2024",23
2025-01-23,5,"a_2024",61
2025-01-23,6,"a_2024",152
2025-01-23,7,"a_2024",21
2025-01-23,8,"a_2024",28
2025-01-23,9,"a_2024",43
2025-01-23,10,"a_2024",6
2025-01-24,1,"a_2024",41
2025-01-24,2,"a_2024",15
2025-01-24,3,"a_2024",8
2025-01-24,4,"a_2024",26
2025-01-24,5,"a_2024",150
2025-01-24,6,"a_2024",124
2025-01-24,7,"a_2024",20
2025-01-24,8,"a_2024",24
2025-01-24,9,"a_2024",23
2025-01-24,10,"a_2024",8
2025-01-25,1,"a_2024",7
2025-01-25,2,"a_2024",5
2025-01-25,3,"a_2024",7
2025-01-25,4,"a_2024",9
2025-01-25,5,"a_2024",19
2025-01-25,6,"a_2024",63
2025-01-25,7,"a_2024",7
2025-01-25,8,"a_2024",7
2025-01-25,9,"a_2024",10
2025-01-25,10,"a_2024",8
2025-01-26,1,"a_2024",7
2025-01-26,2,"a_2024",5
2025-01-26,3,"a_2024",5
2025-01-26,4,"a_2024",5
2025-01-26,5,"a_2024",5
2025-01-26,6,"a_2024",27
2025-01-26,7,"a_2024",5
2025-01-26,8,"a_2024",5
2025-01-26,9,"a_2024",5
2025-01-27,1,"a_2024",31
2025-01-27,2,"a_2024",13
2025-01-27,3,"a_2024",12
2025-01-27,4,"a_2024",12
2025-01-27,5,"a_2024",47
2025-01-27,6,"a_2024",142
2025-01-27,7,"a_2024",40
2025-01-27,8,"a_2024",41
2025-01-27,9,"a_2024",35
2025-01-27,10,"a_2024",5
2025-01-28,1,"a_2024",20
2025-01-28,2,"a_2024",13
2025-01-28,3,"a_2024",6
2025-01-28,4,"a_2024",19
2025-01-28,5,"a_2024",54
2025-01-28,6,"a_2024",164
2025-01-28,7,"a_2024",32
2025-01-28,8,"a_2024",30
2025-01-28,9,"a_2024",30
2025-01-28,10,"a_2024",5
2025-01-29,1,"a_2024",29
2025-01-29,2,"a_2024",10
2025-01-29,3,"a_2024",9
2025-01-29,4,"a_2024",38
2025-01-29,5,"a_2024",57
2025-01-29,6,"a_2024",122
2025-01-29,7,"a_2024",23
2025-01-29,8,"a_2024",25
2025-01-29,9,"a_2024",34
2025-01-29,10,"a_2024",5
2025-01-30,1,"a_2024",16
2025-01-30,2,"a_2024",8
2025-01-30,3,"a_2024",5
2025-01-30,4,"a_2024",32
2025-01-30,5,"a_2024",50
2025-01-30,6,"a_2024",125
2025-01-30,7,"a_2024",15
2025-01-30,8,"a_2024",18
2025-01-30,9,"a_2024",22
2025-01-30,10,"a_2024",5
2025-01-31,1,"a_2024",28
2025-01-31,2,"a_2024",11
2025-01-31,3,"a_2024",9
2025-01-31,4,"a_2024",26
2025-01-31,5,"a_2024",74
2025-01-31,6,"a_2024",150
2025-01-31,7,"a_2024",21
2025-01-31,8,"a_2024",20
2025-01-31,9,"a_2024",23
2025-01-31,10,"a_2024",5
2025-02-01,4,"None",5
2025-02-01,5,"None",5
2025-02-01,6,"None",5
2025-02-01,8,"None",7
2025-02-01,9,"None",5
2025-02-02,1,"None",5
2025-02-02,2,"None",5
2025-02-02,3,"None",5
2025-02-02,5,"None",5
2025-02-02,6,"None",5
2025-02-02,7,"None",5
2025-02-02,8,"None",5
2025-02-02,9,"None",5
2025-02-03,1,"None",5
2025-02-03,2,"None",5
2025-02-03,3,"None",5
2025-02-03,4,"None",7
2025-02-03,5,"None",10
2025-02-03,6,"None",25
2025-02-03,7,"None",8
2025-02-03,8,"None",16
2025-02-03,9,"None",6
2025-02-03,10,"None",5
2025-02-04,1,"None",5
2025-02-04,2,"None",5
2025-02-04,3,"None",5
2025-02-04,4,"None",5
2025-02-04,5,"None",9
2025-02-04,6,"None",24
2025-02-04,7,"None",5
2025-02-04,8,"None",5
2025-02-04,9,"None",6
2025-02-04,10,"None",5
2025-02-05,1,"None",5
2025-02-05,2,"None",5
2025-02-05,3,"None",5
2025-02-05,4,"None",5
2025-02-05,5,"None",7
2025-02-05,6,"None",21
2025-02-05,7,"None",5
2025-02-05,8,"None",7
2025-02-05,9,"None",7
2025-02-06,1,"None",7
2025-02-06,2,"None",5
2025-02-06,3,"None",5
2025-02-06,4,"None",5
2025-02-06,5,"None",6
2025-02-06,6,"None",16
2025-02-06,7,"None",5
2025-02-06,8,"None",6
2025-02-06,9,"None",5
2025-02-07,1,"None",6
2025-02-07,2,"None",5
2025-02-07,3,"None",5
2025-02-07,4,"None",5
2025-02-07,5,"None",12
2025-02-07,6,"None",27
2025-02-07,7,"None",5
2025-02-07,8,"None",5
2025-02-07,9,"None",5
2025-02-07,10,"None",5
2025-02-08,1,"None",5
2025-02-08,2,"None",5
2025-02-08,3,"None",5
2025-02-08,4,"None",5
2025-02-08,5,"None",5
2025-02-08,6,"None",23
2025-02-08,7,"None",5
2025-02-08,8,"None",5
2025-02-08,9,"None",5
2025-02-08,10,"None",5
2025-02-09,3,"None",5
2025-02-09,6,"None",5
2025-02-09,9,"None",5
2025-02-10,1,"None",6
2025-02-10,4,"None",7
2025-02-10,5,"None",7
2025-02-10,6,"None",16
2025-02-10,7,"None",7
2025-02-10,8,"None",5
2025-02-10,9,"None",5
2025-02-11,1,"None",11
2025-02-11,2,"None",5
2025-02-11,3,"None",5
2025-02-11,4,"None",9
2025-02-11,5,"None",27
2025-02-11,6,"None",72
2025-02-11,7,"None",32
2025-02-11,8,"None",25
2025-02-11,9,"None",10
2025-02-12,1,"None",6
2025-02-12,2,"None",5
2025-02-12,3,"None",7
2025-02-12,4,"None",13
2025-02-12,5,"None",22
2025-02-12,6,"None",51
2025-02-12,7,"None",22
2025-02-12,8,"None",18
2025-02-12,9,"None",12
2025-02-12,10,"None",5
2025-02-13,1,"None",6
2025-02-13,2,"None",5
2025-02-13,3,"None",5
2025-02-13,4,"None",5
2025-02-13,5,"None",9
2025-02-13,6,"None",17
2025-02-13,7,"None",8
2025-02-13,8,"None",5
2025-02-13,9,"None",5
2025-02-14,1,"None",5
2025-02-14,2,"None",5
2025-02-14,3,"None",5
2025-02-14,4,"None",6
2025-02-14,5,"None",5
2025-02-14,6,"None",18
2025-02-14,7,"None",5
2025-02-14,8,"None",5
2025-02-14,9,"None",5
2025-02-14,10,"None",5
2025-02-15,2,"None",5
2025-02-15,4,"None",5
2025-02-15,5,"None",5
2025-02-15,6,"None",5
2025-02-15,8,"None",5
2025-02-15,9,"None",5
2025-02-16,3,"None",5
2025-02-16,4,"None",5
2025-02-16,5,"None",5
2025-02-16,6,"None",5
2025-02-16,7,"None",5
2025-02-16,8,"None",5
2025-02-16,9,"None",5
2025-02-17,1,"None",6
2025-02-17,4,"None",5
2025-02-17,5,"None",7
2025-02-17,6,"None",14
2025-02-17,7,"None",11
2025-02-17,8,"None",14
2025-02-17,9,"None",5
2025-02-17,10,"None",5
2025-02-18,1,"None",8
2025-02-18,2,"None",5
2025-02-18,3,"None",5
2025-02-18,4,"None",9
2025-02-18,5,"None",39
2025-02-18,6,"None",82
2025-02-18,7,"None",26
2025-02-18,8,"None",26
2025-02-18,9,"None",18
2025-02-18,10,"None",5
2025-02-19,1,"None",5
2025-02-19,2,"None",6
2025-02-19,3,"None",5
2025-02-19,4,"None",23
2025-02-19,5,"None",33
2025-02-19,6,"None",40
2025-02-19,7,"None",5
2025-02-19,8,"None",10
2025-02-19,9,"None",7
2025-02-19,10,"None",5
2025-02-20,1,"None",7
2025-02-20,2,"None",5
2025-02-20,3,"None",5
2025-02-20,4,"None",5
2025-02-20,5,"None",8
2025-02-20,6,"None",13
2025-02-20,7,"None",5
2025-02-20,8,"None",5
2025-02-20,9,"None",5
2025-02-20,10,"None",5
2025-02-21,1,"None",7
2025-02-21,2,"None",7
2025-02-21,3,"None",5
2025-02-21,4,"None",8
2025-02-21,5,"None",48
2025-02-21,6,"None",37
2025-02-21,7,"None",9
2025-02-21,8,"None",5
2025-02-21,9,"None",6
2025-02-21,10,"None",5
2025-02-22,1,"None",5
2025-02-22,2,"None",5
2025-02-22,3,"None",5
2025-02-22,4,"None",5
2025-02-22,5,"None",5
2025-02-22,6,"None",12
2025-02-22,8,"None",5
2025-02-22,9,"None",6
2025-02-22,10,"None",5
2025-02-23,4,"None",5
2025-02-23,5,"None",5
2025-02-24,1,"None",5
2025-02-24,3,"None",5
2025-02-24,4,"None",5
2025-02-24,5,"None",5
2025-02-24,6,"None",10
2025-02-24,7,"None",13
2025-02-24,8,"None",5
2025-02-24,9,"None",5
2025-02-24,10,"None",5
2025-02-25,1,"None",5
2025-02-25,3,"None",5
2025-02-25,4,"None",5
2025-02-25,5,"None",5
2025-02-25,6,"None",8
2025-02-25,7,"None",5
2025-02-25,8,"None",5
2025-02-25,9,"None",5
2025-02-26,1,"None",6
2025-02-26,2,"None",5
2025-02-26,3,"None",5
2025-02-26,4,"None",5
2025-02-26,5,"None",10
2025-02-26,6,"None",15
2025-02-26,7,"None",6
2025-02-26,8,"None",5
2025-02-26,9,"None",5
2025-02-27,1,"None",5
2025-02-27,2,"None",5
2025-02-27,4,"None",5
2025-02-27,5,"None",8
2025-02-27,6,"None",7
2025-02-27,7,"None",5
2025-02-27,8,"None",5
2025-02-27,9,"None",5
2025-02-28,1,"None",5
2025-02-28,2,"None",5
2025-02-28,3,"None",5
2025-02-28,4,"None",7
2025-02-28,5,"None",5
2025-02-28,6,"None",13
2025-02-28,7,"None",5
2025-02-28,8,"None",5
2025-02-28,9,"None",5
2025-02-28,10,"None",5
2025-03-01,2,"None",5
2025-03-01,5,"None",5
2025-03-01,6,"None",5
2025-03-01,7,"None",5
2025-03-03,1,"None",10
2025-03-03,2,"None",11
2025-03-03,3,"None",6
2025-03-03,4,"None",6
2025-03-03,5,"None",16
2025-03-03,6,"None",48
2025-03-03,7,"None",16
2025-03-03,8,"None",11
2025-03-03,9,"None",15
2025-03-03,10,"None",5
2025-03-04,1,"None",5
2025-03-04,2,"None",5
2025-03-04,3,"None",5
2025-03-04,4,"None",5
2025-03-04,5,"None",5
2025-03-04,6,"None",5
2025-03-04,7,"None",5
2025-03-04,8,"None",7
2025-03-04,9,"None",6
2025-03-04,10,"None",5
2025-03-05,1,"None",5
2025-03-05,2,"None",5
2025-03-05,4,"None",5
2025-03-05,6,"None",5
2025-03-05,7,"None",5
2025-03-05,8,"None",5
2025-03-05,9,"None",5
2025-03-05,10,"None",5
2025-03-06,1,"None",5
2025-03-06,4,"None",5
2025-03-06,5,"None",5
2025-03-06,6,"None",5
2025-03-06,8,"None",5
2025-03-07,1,"None",5
2025-03-07,2,"None",5
2025-03-07,4,"None",5
2025-03-07,6,"None",5
2025-03-07,7,"None",5
2025-03-07,9,"None",5
2025-03-08,1,"None",5
2025-03-08,2,"None",5
2025-03-08,6,"None",5
2025-03-10,4,"None",5
2025-03-10,5,"None",5
2025-03-10,6,"None",5
2025-03-11,1,"None",5
2025-03-11,2,"None",5
2025-03-11,5,"None",5
2025-03-11,6,"None",5
2025-03-12,2,"None",5
2025-03-12,5,"None",5
2025-03-12,6,"None",5
2025-03-13,6,"None",5
2025-03-13,8,"None",5
2025-03-14,1,"None",5
2025-03-14,3,"None",5
2025-03-14,4,"None",5
2025-03-14,6,"None",5
2025-03-14,7,"None",5
2025-03-15,4,"None",5
2025-03-15,5,"None",5
2025-03-17,2,"None",8
2025-03-17,4,"None",5
2025-03-17,5,"None",5
2025-03-17,6,"None",6
2025-03-17,9,"None",5
2025-03-18,1,"None",5
2025-03-18,4,"None",5
2025-03-18,6,"None",5
2025-03-18,7,"None",5
2025-03-18,9,"None",5
2025-03-19,2,"None",5
2025-03-19,6,"None",5
2025-03-20,1,"None",5
2025-03-20,4,"None",5
2025-03-20,6,"None",5
2025-03-21,1,"None",5
2025-03-21,4,"None",5
2025-03-21,5,"None",5
2025-03-21,6,"None",10
2025-03-21,8,"None",5
2025-03-21,9,"None",5
2025-03-22,1,"None",5
2025-03-22,2,"None",5
2025-03-22,3,"None",5
2025-03-22,4,"None",5
2025-03-22,5,"None",5
2025-03-22,6,"None",6
2025-03-22,7,"None",5
2025-03-23,1,"None",5
2025-03-24,5,"None",5
2025-03-24,6,"None",5
2025-03-24,9,"None",5
2025-03-25,3,"None",5
2025-03-25,6,"None",5
2025-03-25,9,"None",5
2025-03-26,3,"None",5
2025-03-26,4,"None",5
2025-03-26,5,"None",5
2025-03-26,6,"None",5
2025-03-26,8,"None",5
2025-03-26,9,"None",5
2025-03-27,1,"None",5
2025-03-27,4,"None",5
2025-03-27,5,"None",5
2025-03-27,6,"None",5
2025-03-27,7,"None",5
2025-03-28,1,"None",5
2025-03-28,2,"None",5
2025-03-28,4,"None",5
2025-03-28,5,"None",5
2025-03-28,6,"None",5
2025-03-28,7,"None",5
2025-03-28,8,"None",5
2025-03-28,9,"None",5
2025-03-29,1,"None",5
2025-03-29,3,"None",5
2025-03-29,4,"None",5
2025-03-29,5,"None",5
2025-03-29,6,"None",5
2025-03-29,7,"None",5
2025-03-31,1,"None",66
2025-03-31,2,"None",48
2025-03-31,3,"None",42
2025-03-31,4,"None",40
2025-03-31,5,"None",33
2025-03-31,6,"None",37
2025-03-31,7,"None",30
2025-03-31,8,"None",43
2025-03-31,9,"None",78
2025-03-31,10,"None",170
2025-03-31,11,"None",5
2025-04-01,1,"s_2025",101
2025-04-01,2,"s_2025",97
2025-04-01,3,"s_2025",85
2025-04-01,4,"s_2025",55
2025-04-01,5,"s_2025",59
2025-04-01,6,"s_2025",55
2025-04-01,7,"s_2025",52
2025-04-01,8,"s_2025",103
2025-04-01,9,"s_2025",231
2025-04-01,10,"s_2025",423
2025-04-01,11,"s_2025",45
2025-04-01,12,"s_2025",5
2025-04-02,1,"s_2025",87
2025-04-02,2,"s_2025",72
2025-04-02,3,"s_2025",84
2025-04-02,4,"s_2025",68
2025-04-02,5,"s_2025",74
2025-04-02,6,"s_2025",55
2025-04-02,7,"s_2025",79
2025-04-02,8,"s_2025",93
2025-04-02,9,"s_2025",276
2025-04-02,10,"s_2025",387
2025-04-02,11,"s_2025",39
2025-04-03,1,"s_2025",74
2025-04-03,2,"s_2025",76
2025-04-03,3,"s_2025",80
2025-04-03,4,"s_2025",75
2025-04-03,5,"s_2025",66
2025-04-03,6,"s_2025",54
2025-04-03,7,"s_2025",90
2025-04-03,8,"s_2025",102
2025-04-03,9,"s_2025",220
2025-04-03,10,"s_2025",457
2025-04-03,11,"s_2025",48
2025-04-04,1,"s_2025",95
2025-04-04,2,"s_2025",103
2025-04-04,3,"s_2025",62
2025-04-04,4,"s_2025",67
2025-04-04,5,"s_2025",84
2025-04-04,6,"s_2025",58
2025-04-04,7,"s_2025",75
2025-04-04,8,"s_2025",132
2025-04-04,9,"s_2025",348
2025-04-04,10,"s_2025",451
2025-04-04,11,"s_2025",27
2025-04-05,1,"s_2025",9
2025-04-05,2,"s_2025",11
2025-04-05,3,"s_2025",16
2025-04-05,4,"s_2025",14
2025-04-05,5,"s_2025",23
2025-04-05,6,"s_2025",30
2025-04-05,7,"s_2025",99
2025-04-05,8,"s_2025",192
2025-04-05,9,"s_2025",649
2025-04-05,10,"s_2025",1517
2025-04-05,11,"s_2025",107
2025-04-06,1,"s_2025",7
2025-04-06,2,"s_2025",5
2025-04-06,3,"s_2025",5
2025-04-06,4,"s_2025",5
2025-04-06,5,"s_2025",5
2025-04-06,6,"s_2025",5
2025-04-06,7,"s_2025",13
2025-04-06,8,"s_2025",27
2025-04-06,9,"s_2025",31
2025-04-06,10,"s_2025",105
2025-04-06,11,"s_2025",5
2025-04-07,1,"s_2025",84
2025-04-07,2,"s_2025",69
2025-04-07,3,"s_2025",64
2025-04-07,4,"s_2025",58
2025-04-07,5,"s_2025",52
2025-04-07,6,"s_2025",52
2025-04-07,7,"s_2025",111
2025-04-07,8,"s_2025",157
2025-04-07,9,"s_2025",332
2025-04-07,10,"s_2025",586
2025-04-07,11,"s_2025",52
2025-04-08,1,"s_2025",139
2025-04-08,2,"s_2025",96
2025-04-08,3,"s_2025",78
2025-04-08,4,"s_2025",48
2025-04-08,5,"s_2025",67
2025-04-08,6,"s_2025",52
2025-04-08,7,"s_2025",99
2025-04-08,8,"s_2025",119
2025-04-08,9,"s_2025",234
2025-04-08,10,"s_2025",438
2025-04-08,11,"s_2025",30
2025-04-09,1,"s_2025",81
2025-04-09,2,"s_2025",65
2025-04-09,3,"s_2025",77
2025-04-09,4,"s_2025",51
2025-04-09,5,"s_2025",62
2025-04-09,6,"s_2025",43
2025-04-09,7,"s_2025",89
2025-04-09,8,"s_2025",135
2025-04-09,9,"s_2025",273
2025-04-09,10,"s_2025",508
2025-04-09,11,"s_2025",48
2025-04-09,12,"s_2025",5
2025-04-10,1,"s_2025",64
2025-04-10,2,"s_2025",68
2025-04-10,3,"s_2025",70
2025-04-10,4,"s_2025",54
2025-04-10,5,"s_2025",58
2025-04-10,6,"s_2025",57
2025-04-10,7,"s_2025",147
2025-04-10,8,"s_2025",143
2025-04-10,9,"s_2025",308
2025-04-10,10,"s_2025",617
2025-04-10,11,"s_2025",35
2025-04-10,12,"s_2025",5
2025-04-11,1,"s_2025",53
2025-04-11,2,"s_2025",45
2025-04-11,3,"s_2025",43
2025-04-11,4,"s_2025",31
2025-04-11,5,"s_2025",37
2025-04-11,6,"s_2025",41
2025-04-11,7,"s_2025",118
2025-04-11,8,"s_2025",111
2025-04-11,9,"s_2025",271
2025-04-11,10,"s_2025",562
2025-04-11,11,"s_2025",28
2025-04-11,12,"s_2025",5
2025-04-12,1,"s_2025",21
2025-04-12,2,"s_2025",26
2025-04-12,3,"s_2025",29
2025-04-12,4,"s_2025",25
2025-04-12,5,"s_2025",21
2025-04-12,6,"s_2025",33
2025-04-12,7,"s_2025",139
2025-04-12,8,"s_2025",205
2025-04-12,9,"s_2025",584
2025-04-12,10,"s_2025",1246
2025-04-12,11,"s_2025",71
2025-04-12,12,"s_2025",5
2025-04-13,1,"s_2025",10
2025-04-13,2,"s_2025",5
2025-04-13,3,"s_2025",5
2025-04-13,4,"s_2025",7
2025-04-13,5,"s_2025",5
2025-04-13,6,"s_2025",7
2025-04-13,7,"s_2025",21
2025-04-13,8,"s_2025",29
2025-04-13,9,"s_2025",44
2025-04-13,10,"s_2025",126
2025-04-13,11,"s_2025",5
2025-04-14,1,"s_2025",62
2025-04-14,2,"s_2025",59
2025-04-14,3,"s_2025",53
2025-04-14,4,"s_2025",45
2025-04-14,5,"s_2025",53
2025-04-14,6,"s_2025",69
2025-04-14,7,"s_2025",239
2025-04-14,8,"s_2025",314
2025-04-14,9,"s_2025",461
2025-04-14,10,"s_2025",1658
2025-04-14,11,"s_2025",38
2025-04-14,12,"s_2025",5
2025-04-15,1,"s_2025",68
2025-04-15,2,"s_2025",61
2025-04-15,3,"s_2025",57
2025-04-15,4,"s_2025",52
2025-04-15,5,"s_2025",58
2025-04-15,6,"s_2025",73
2025-04-15,7,"s_2025",311
2025-04-15,8,"s_2025",408
2025-04-15,9,"s_2025",585
2025-04-15,10,"s_2025",2066
2025-04-15,11,"s_2025",34
2025-04-16,1,"s_2025",86
2025-04-16,2,"s_2025",42
2025-04-16,3,"s_2025",39
2025-04-16,4,"s_2025",40
2025-04-16,5,"s_2025",55
2025-04-16,6,"s_2025",78
2025-04-16,7,"s_2025",293
2025-04-16,8,"s_2025",374
2025-04-16,9,"s_2025",608
2025-04-16,10,"s_2025",1875
2025-04-16,11,"s_2025",41
2025-04-17,1,"s_2025",76
2025-04-17,2,"s_2025",43
2025-04-17,3,"s_2025",46
2025-04-17,4,"s_2025",42
2025-04-17,5,"s_2025",50
2025-04-17,6,"s_2025",84
2025-04-17,7,"s_2025",352
2025-04-17,8,"s_2025",390
2025-04-17,9,"s_2025",650
2025-04-17,10,"s_2025",1979
2025-04-17,11,"s_2025",40
2025-04-17,12,"s_2025",5
2025-04-18,1,"s_2025",14
2025-04-18,2,"s_2025",14
2025-04-18,3,"s_2025",5
2025-04-18,4,"s_2025",6
2025-04-18,5,"s_2025",16
2025-04-18,6,"s_2025",20
2025-04-18,7,"s_2025",127
2025-04-18,8,"s_2025",104
2025-04-18,9,"s_2025",183
2025-04-18,10,"s_2025",564
2025-04-18,11,"s_2025",7
2025-04-19,1,"s_2025",19
2025-04-19,2,"s_2025",15
2025-04-19,3,"s_2025",22
2025-04-19,4,"s_2025",16
2025-04-19,5,"s_2025",10
2025-04-19,6,"s_2025",21
2025-04-19,7,"s_2025",106
2025-04-19,8,"s_2025",105
2025-04-19,9,"s_2025",274
2025-04-19,10,"s_2025",921
2025-04-19,11,"s_2025",28
2025-04-20,1,"s_2025",19
2025-04-20,2,"s_2025",53
2025-04-20,3,"s_2025",10
2025-04-20,4,"s_2025",9
2025-04-20,5,"s_2025",7
2025-04-20,6,"s_2025",8
2025-04-20,7,"s_2025",55
2025-04-20,8,"s_2025",57
2025-04-20,9,"s_2025",97
2025-04-20,10,"s_2025",605
2025-04-20,11,"s_2025",12
2025-04-21,1,"s_2025",17
2025-04-21,2,"s_2025",16
2025-04-21,3,"s_2025",16
2025-04-21,4,"s_2025",11
2025-04-21,5,"s_2025",12
2025-04-21,6,"s_2025",15
2025-04-21,7,"s_2025",50
2025-04-21,8,"s_2025",69
2025-04-21,9,"s_2025",80
2025-04-21,10,"s_2025",417
2025-04-21,11,"s_2025",5
2025-04-22,1,"s_2025",39
2025-04-22,2,"s_2025",44
2025-04-22,3,"s_2025",19
2025-04-22,4,"s_2025",34
2025-04-22,5,"s_2025",42
2025-04-22,6,"s_2025",55
2025-04-22,7,"s_2025",238
2025-04-22,8,"s_2025",364
2025-04-22,9,"s_2025",576
2025-04-22,10,"s_2025",1755
2025-04-22,11,"s_2025",41
2025-04-23,1,"s_2025",54
2025-04-23,2,"s_2025",52
2025-04-23,3,"s_2025",58
2025-04-23,4,"s_2025",48
2025-04-23,5,"s_2025",44
2025-04-23,6,"s_2025",65
2025-04-23,7,"s_2025",317
2025-04-23,8,"s_2025",321
2025-04-23,9,"s_2025",691
2025-04-23,10,"s_2025",2067
2025-04-23,11,"s_2025",63
2025-04-24,1,"s_2025",50
2025-04-24,2,"s_2025",50
2025-04-24,3,"s_2025",46
2025-04-24,4,"s_2025",46
2025-04-24,5,"s_2025",37
2025-04-24,6,"s_2025",88
2025-04-24,7,"s_2025",348
2025-04-24,8,"s_2025",457
2025-04-24,9,"s_2025",800
2025-04-24,10,"s_2025",2574
2025-04-24,11,"s_2025",61
2025-04-25,1,"s_2025",51
2025-04-25,2,"s_2025",56
2025-04-25,3,"s_2025",42
2025-04-25,4,"s_2025",44
2025-04-25,5,"s_2025",53
2025-04-25,6,"s_2025",74
2025-04-25,7,"s_2025",241
2025-04-25,8,"s_2025",366
2025-04-25,9,"s_2025",580
2025-04-25,10,"s_2025",1848
2025-04-25,11,"s_2025",48
2025-04-26,1,"s_2025",26
2025-04-26,2,"s_2025",22
2025-04-26,3,"s_2025",37
2025-04-26,4,"s_2025",32
2025-04-26,5,"s_2025",49
2025-04-26,6,"s_2025",79
2025-04-26,7,"s_2025",385
2025-04-26,8,"s_2025",431
2025-04-26,9,"s_2025",555
2025-04-26,10,"s_2025",1291
2025-04-26,11,"s_2025",80
2025-04-27,1,"s_2025",11
2025-04-27,2,"s_2025",11
2025-04-27,3,"s_2025",14
2025-04-27,4,"s_2025",7
2025-04-27,5,"s_2025",5
2025-04-27,6,"s_2025",19
2025-04-27,7,"s_2025",73
2025-04-27,8,"s_2025",117
2025-04-27,9,"s_2025",210
2025-04-27,10,"s_2025",758
2025-04-27,11,"s_2025",17
2025-04-28,1,"s_2025",45
2025-04-28,2,"s_2025",47
2025-04-28,3,"s_2025",49
2025-04-28,4,"s_2025",49
2025-04-28,5,"s_2025",42
2025-04-28,6,"s_2025",79
2025-04-28,7,"s_2025",328
2025-04-28,8,"s_2025",455
2025-04-28,9,"s_2025",665
2025-04-28,10,"s_2025",1807
2025-04-28,11,"s_2025",60
2025-04-29,1,"s_2025",69
2025-04-29,2,"s_2025",48
2025-04-29,3,"s_2025",40
2025-04-29,4,"s_2025",64
2025-04-29,5,"s_2025",49
2025-04-29,6,"s_2025",97
2025-04-29,7,"s_2025",379
2025-04-29,8,"s_2025",498
2025-04-29,9,"s_2025",754
2025-04-29,10,"s_2025",2291
2025-04-29,11,"s_2025",65
2025-04-30,1,"s_2025",39
2025-04-30,2,"s_2025",46
2025-04-30,3,"s_2025",33
2025-04-30,4,"s_2025",65
2025-04-30,5,"s_2025",78
2025-04-30,6,"s_2025",98
2025-04-30,7,"s_2025",408
2025-04-30,8,"s_2025",511
2025-04-30,9,"s_2025",716
2025-04-30,10,"s_2025",2295
2025-04-30,11,"s_2025",59
2025-05-01,1,"s_2025",54
2025-05-01,2,"s_2025",50
2025-05-01,3,"s_2025",39
2025-05-01,4,"s_2025",57
2025-05-01,5,"s_2025",67
2025-05-01,6,"s_2025",73
2025-05-01,7,"s_2025",438
2025-05-01,8,"s_2025",508
2025-05-01,9,"s_2025",788
2025-05-01,10,"s_2025",2276
2025-05-01,11,"s_2025",56
2025-05-02,1,"s_2025",40
2025-05-02,2,"s_2025",48
2025-05-02,3,"s_2025",38
2025-05-02,4,"s_2025",45
2025-05-02,5,"s_2025",50
2025-05-02,6,"s_2025",71
2025-05-02,7,"s_2025",282
2025-05-02,8,"s_2025",356
2025-05-02,9,"s_2025",578
2025-05-02,10,"s_2025",1612
2025-05-02,11,"s_2025",85
2025-05-02,12,"s_2025",5
2025-05-03,1,"s_2025",30
2025-05-03,2,"s_2025",14
2025-05-03,3,"s_2025",20
2025-05-03,4,"s_2025",11
2025-05-03,5,"s_2025",16
2025-05-03,6,"s_2025",35
2025-05-03,7,"s_2025",98
2025-05-03,8,"s_2025",177
2025-05-03,9,"s_2025",234
2025-05-03,10,"s_2025",825
2025-05-03,11,"s_2025",27
2025-05-04,1,"s_2025",13
2025-05-04,2,"s_2025",11
2025-05-04,3,"s_2025",15
2025-05-04,4,"s_2025",12
2025-05-04,5,"s_2025",10
2025-05-04,6,"s_2025",18
2025-05-04,7,"s_2025",68
2025-05-04,8,"s_2025",86
2025-05-04,9,"s_2025",172
2025-05-04,10,"s_2025",796
2025-05-04,11,"s_2025",22
2025-05-05,1,"s_2025",11
2025-05-05,2,"s_2025",5
2025-05-05,3,"s_2025",5
2025-05-05,4,"s_2025",5
2025-05-05,5,"s_2025",5
2025-05-05,6,"s_2025",5
2025-05-05,7,"s_2025",15
2025-05-05,8,"s_2025",37
2025-05-05,9,"s_2025",45
2025-05-05,10,"s_2025",224
2025-05-05,11,"s_2025",7
2025-05-06,1,"s_2025",52
2025-05-06,2,"s_2025",76
2025-05-06,3,"s_2025",159
2025-05-06,4,"s_2025",66
2025-05-06,5,"s_2025",43
2025-05-06,6,"s_2025",54
2025-05-06,7,"s_2025",280
2025-05-06,8,"s_2025",395
2025-05-06,9,"s_2025",506
2025-05-06,10,"s_2025",1343
2025-05-06,11,"s_2025",39
2025-05-07,1,"s_2025",45
2025-05-07,2,"s_2025",50
2025-05-07,3,"s_2025",44
2025-05-07,4,"s_2025",64
2025-05-07,5,"s_2025",53
2025-05-07,6,"s_2025",95
2025-05-07,7,"s_2025",466
2025-05-07,8,"s_2025",465
2025-05-07,9,"s_2025",729
2025-05-07,10,"s_2025",1947
2025-05-07,11,"s_2025",53
2025-05-08,1,"s_2025",48
2025-05-08,2,"s_2025",49
2025-05-08,3,"s_2025",53
2025-05-08,4,"s_2025",63
2025-05-08,5,"s_2025",61
2025-05-08,6,"s_2025",114
2025-05-08,7,"s_2025",327
2025-05-08,8,"s_2025",414
2025-05-08,9,"s_2025",555
2025-05-08,10,"s_2025",1657
2025-05-08,11,"s_2025",49
2025-05-09,1,"s_2025",66
2025-05-09,2,"s_2025",64
2025-05-09,3,"s_2025",38
2025-05-09,4,"s_2025",70
2025-05-09,5,"s_2025",68
2025-05-09,6,"s_2025",131
2025-05-09,7,"s_2025",316
2025-05-09,8,"s_2025",432
2025-05-09,9,"s_2025",587
2025-05-09,10,"s_2025",1696
2025-05-09,11,"s_2025",43
2025-05-10,1,"s_2025",20
2025-05-10,2,"s_2025",7
2025-05-10,3,"s_2025",17
2025-05-10,4,"s_2025",18
2025-05-10,5,"s_2025",8
2025-05-10,6,"s_2025",24
2025-05-10,7,"s_2025",89
2025-05-10,8,"s_2025",143
2025-05-10,9,"s_2025",220
2025-05-10,10,"s_2025",671
2025-05-10,11,"s_2025",32
2025-05-11,1,"s_2025",13
2025-05-11,2,"s_2025",8
2025-05-11,3,"s_2025",5
2025-05-11,4,"s_2025",12
2025-05-11,5,"s_2025",12
2025-05-11,6,"s_2025",15
2025-05-11,7,"s_2025",81
2025-05-11,8,"s_2025",118
2025-05-11,9,"s_2025",180
2025-05-11,10,"s_2025",538
2025-05-11,11,"s_2025",17
2025-05-12,1,"s_2025",59
2025-05-12,2,"s_2025",41
2025-05-12,3,"s_2025",50
2025-05-12,4,"s_2025",40
2025-05-12,5,"s_2025",51
2025-05-12,6,"s_2025",76
2025-05-12,7,"s_2025",397
2025-05-12,8,"s_2025",350
2025-05-12,9,"s_2025",499
2025-05-12,10,"s_2025",1671
2025-05-12,11,"s_2025",68
2025-05-13,1,"s_2025",37
2025-05-13,2,"s_2025",36
2025-05-13,3,"s_2025",48
2025-05-13,4,"s_2025",37
2025-05-13,5,"s_2025",45
2025-05-13,6,"s_2025",67
2025-05-13,7,"s_2025",371
2025-05-13,8,"s_2025",336
2025-05-13,9,"s_2025",458
2025-05-13,10,"s_2025",1406
2025-05-13,11,"s_2025",47
2025-05-14,1,"s_2025",35
2025-05-14,2,"s_2025",30
2025-05-14,3,"s_2025",28
2025-05-14,4,"s_2025",38
2025-05-14,5,"s_2025",39
2025-05-14,6,"s_2025",67
2025-05-14,7,"s_2025",320
2025-05-14,8,"s_2025",303
2025-05-14,9,"s_2025",436
2025-05-14,10,"s_2025",1269
2025-05-14,11,"s_2025",60
2025-05-15,1,"s_2025",40
2025-05-15,2,"s_2025",40
2025-05-15,3,"s_2025",41
2025-05-15,4,"s_2025",60
2025-05-15,5,"s_2025",63
2025-05-15,6,"s_2025",132
2025-05-15,7,"s_2025",363
2025-05-15,8,"s_2025",402
2025-05-15,9,"s_2025",631
2025-05-15,10,"s_2025",1455
2025-05-15,11,"s_2025",72
2025-05-16,1,"s_2025",33
2025-05-16,2,"s_2025",32
2025-05-16,3,"s_2025",29
2025-05-16,4,"s_2025",27
2025-05-16,5,"s_2025",43
2025-05-16,6,"s_2025",76
2025-05-16,7,"s_2025",270
2025-05-16,8,"s_2025",319
2025-05-16,9,"s_2025",416
2025-05-16,10,"s_2025",1051
2025-05-16,11,"s_2025",53
2025-05-17,1,"s_2025",23
2025-05-17,2,"s_2025",13
2025-05-17,3,"s_2025",13
2025-05-17,4,"s_2025",14
2025-05-17,5,"s_2025",10
2025-05-17,6,"s_2025",29
2025-05-17,7,"s_2025",131
2025-05-17,8,"s_2025",156
2025-05-17,9,"s_2025",226
2025-05-17,10,"s_2025",555
2025-05-17,11,"s_2025",34
2025-05-17,12,"s_2025",5
2025-05-18,1,"s_2025",20
2025-05-18,2,"s_2025",9
2025-05-18,3,"s_2025",15
2025-05-18,4,"s_2025",14
2025-05-18,5,"s_2025",14
2025-05-18,6,"s_2025",18
2025-05-18,7,"s_2025",134
2025-05-18,8,"s_2025",166
2025-05-18,9,"s_2025",242
2025-05-18,10,"s_2025",582
2025-05-18,11,"s_2025",20
2025-05-19,1,"s_2025",31
2025-05-19,2,"s_2025",47
2025-05-19,3,"s_2025",23
2025-05-19,4,"s_2025",38
2025-05-19,5,"s_2025",33
2025-05-19,6,"s_2025",53
2025-05-19,7,"s_2025",219
2025-05-19,8,"s_2025",294
2025-05-19,9,"s_2025",391
2025-05-19,10,"s_2025",1239
2025-05-19,11,"s_2025",62
2025-05-20,1,"s_2025",41
2025-05-20,2,"s_2025",48
2025-05-20,3,"s_2025",49
2025-05-20,4,"s_2025",50
2025-05-20,5,"s_2025",49
2025-05-20,6,"s_2025",90
2025-05-20,7,"s_2025",354
2025-05-20,8,"s_2025",335
2025-05-20,9,"s_2025",486
2025-05-20,10,"s_2025",1190
2025-05-20,11,"s_2025",45
2025-05-21,1,"s_2025",36
2025-05-21,2,"s_2025",37
2025-05-21,3,"s_2025",24
2025-05-21,4,"s_2025",50
2025-05-21,5,"s_2025",58
2025-05-21,6,"s_2025",88
2025-05-21,7,"s_2025",373
2025-05-21,8,"s_2025",448
2025-05-21,9,"s_2025",561
2025-05-21,10,"s_2025",1375
2025-05-21,11,"s_2025",67
2025-05-22,1,"s_2025",43
2025-05-22,2,"s_2025",37
2025-05-22,3,"s_2025",22
2025-05-22,4,"s_2025",42
2025-05-22,5,"s_2025",52
2025-05-22,6,"s_2025",60
2025-05-22,7,"s_2025",293
2025-05-22,8,"s_2025",320
2025-05-22,9,"s_2025",430
2025-05-22,10,"s_2025",1210
2025-05-22,11,"s_2025",60
2025-05-23,1,"s_2025",30
2025-05-23,2,"s_2025",30
2025-05-23,3,"s_2025",33
2025-05-23,4,"s_2025",47
2025-05-23,5,"s_2025",40
2025-05-23,6,"s_2025",60
2025-05-23,7,"s_2025",321
2025-05-23,8,"s_2025",299
2025-05-23,9,"s_2025",409
2025-05-23,10,"s_2025",885
2025-05-23,11,"s_2025",55
2025-05-23,12,"s_2025",5
2025-05-24,1,"s_2025",12
2025-05-24,2,"s_2025",14
2025-05-24,3,"s_2025",21
2025-05-24,4,"s_2025",14
2025-05-24,5,"s_2025",17
2025-05-24,6,"s_2025",31
2025-05-24,7,"s_2025",222
2025-05-24,8,"s_2025",169
2025-05-24,9,"s_2025",199
2025-05-24,10,"s_2025",349
2025-05-24,11,"s_2025",22
2025-05-25,1,"s_2025",5
2025-05-25,2,"s_2025",8
2025-05-25,3,"s_2025",11
2025-05-25,4,"s_2025",7
2025-05-25,5,"s_2025",12
2025-05-25,6,"s_2025",19
2025-05-25,7,"s_2025",167
2025-05-25,8,"s_2025",111
2025-05-25,9,"s_2025",100
2025-05-25,10,"s_2025",217
2025-05-25,11,"s_2025",26
2025-05-26,1,"s_2025",14
2025-05-26,2,"s_2025",19
2025-05-26,3,"s_2025",11
2025-05-26,4,"s_2025",13
2025-05-26,5,"s_2025",23
2025-05-26,6,"s_2025",49
2025-05-26,7,"s_2025",136
2025-05-26,8,"s_2025",139
2025-05-26,9,"s_2025",252
2025-05-26,10,"s_2025",801
2025-05-26,11,"s_2025",26
2025-05-27,1,"s_2025",29
2025-05-27,2,"s_2025",21
2025-05-27,3,"s_2025",32
2025-05-27,4,"s_2025",29
2025-05-27,5,"s_2025",34
2025-05-27,6,"s_2025",58
2025-05-27,7,"s_2025",229
2025-05-27,8,"s_2025",207
2025-05-27,9,"s_2025",271
2025-05-27,10,"s_2025",714
2025-05-27,11,"s_2025",39
2025-05-28,1,"s_2025",47
2025-05-28,2,"s_2025",23
2025-05-28,3,"s_2025",29
2025-05-28,4,"s_2025",57
2025-05-28,5,"s_2025",58
2025-05-28,6,"s_2025",87
2025-05-28,7,"s_2025",379
2025-05-28,8,"s_2025",347
2025-05-28,9,"s_2025",474
2025-05-28,10,"s_2025",1019
2025-05-28,11,"s_2025",86
2025-05-29,1,"s_2025",43
2025-05-29,2,"s_2025",29
2025-05-29,3,"s_2025",21
2025-05-29,4,"s_2025",31
2025-05-29,5,"s_2025",39
2025-05-29,6,"s_2025",53
2025-05-29,7,"s_2025",303
2025-05-29,8,"s_2025",282
2025-05-29,9,"s_2025",350
2025-05-29,10,"s_2025",812
2025-05-29,11,"s_2025",64
2025-05-30,1,"s_2025",39
2025-05-30,2,"s_2025",30
2025-05-30,3,"s_2025",20
2025-05-30,4,"s_2025",27
2025-05-30,5,"s_2025",29
2025-05-30,6,"s_2025",61
2025-05-30,7,"s_2025",187
2025-05-30,8,"s_2025",243
2025-05-30,9,"s_2025",262
2025-05-30,10,"s_2025",465
2025-05-30,11,"s_2025",56
2025-05-31,1,"s_2025",20
2025-05-31,2,"s_2025",6
2025-05-31,3,"s_2025",32
2025-05-31,4,"s_2025",22
2025-05-31,5,"s_2025",16
2025-05-31,6,"s_2025",31
2025-05-31,7,"s_2025",182
2025-05-31,8,"s_2025",188
2025-05-31,9,"s_2025",166
2025-05-31,10,"s_2025",384
2025-05-31,11,"s_2025",54
2025-06-01,1,"s_2025",8
2025-06-01,2,"s_2025",5
2025-06-01,3,"s_2025",8
2025-06-01,4,"s_2025",20
2025-06-01,5,"s_2025",16
2025-06-01,6,"s_2025",21
2025-06-01,7,"s_2025",112
2025-06-01,8,"s_2025",88
2025-06-01,9,"s_2025",96
2025-06-01,10,"s_2025",195
2025-06-01,11,"s_2025",27
2025-06-02,1,"s_2025",38
2025-06-02,2,"s_2025",41
2025-06-02,3,"s_2025",23
2025-06-02,4,"s_2025",27
2025-06-02,5,"s_2025",37
2025-06-02,6,"s_2025",65
2025-06-02,7,"s_2025",177
2025-06-02,8,"s_2025",190
2025-06-02,9,"s_2025",232
2025-06-02,10,"s_2025",622
2025-06-02,11,"s_2025",42
2025-06-03,1,"s_2025",37
2025-06-03,2,"s_2025",64
2025-06-03,3,"s_2025",104
2025-06-03,4,"s_2025",21
2025-06-03,5,"s_2025",22
2025-06-03,6,"s_2025",38
2025-06-03,7,"s_2025",178
2025-06-03,8,"s_2025",157
2025-06-03,9,"s_2025",193
2025-06-03,10,"s_2025",530
2025-06-03,11,"s_2025",30
2025-06-04,1,"s_2025",29
2025-06-04,2,"s_2025",32
2025-06-04,3,"s_2025",16
2025-06-04,4,"s_2025",17
2025-06-04,5,"s_2025",34
2025-06-04,6,"s_2025",46
2025-06-04,7,"s_2025",186
2025-06-04,8,"s_2025",157
2025-06-04,9,"s_2025",239
2025-06-04,10,"s_2025",467
2025-06-04,11,"s_2025",42
2025-06-05,1,"s_2025",50
2025-06-05,2,"s_2025",21
2025-06-05,3,"s_2025",15
2025-06-05,4,"s_2025",20
2025-06-05,5,"s_2025",33
2025-06-05,6,"s_2025",42
2025-06-05,7,"s_2025",165
2025-06-05,8,"s_2025",144
2025-06-05,9,"s_2025",240
2025-06-05,10,"s_2025",446
2025-06-05,11,"s_2025",31
2025-06-06,1,"s_2025",44
2025-06-06,2,"s_2025",35
2025-06-06,3,"s_2025",9
2025-06-06,4,"s_2025",16
2025-06-06,5,"s_2025",23
2025-06-06,6,"s_2025",36
2025-06-06,7,"s_2025",109
2025-06-06,8,"s_2025",135
2025-06-06,9,"s_2025",148
2025-06-06,10,"s_2025",344
2025-06-06,11,"s_2025",24
2025-06-07,1,"s_2025",17
2025-06-07,2,"s_2025",19
2025-06-07,3,"s_2025",35
2025-06-07,4,"s_2025",22
2025-06-07,5,"s_2025",22
2025-06-07,6,"s_2025",34
2025-06-07,7,"s_2025",144
2025-06-07,8,"s_2025",154
2025-06-07,9,"s_2025",154
2025-06-07,10,"s_2025",315
2025-06-07,11,"s_2025",48
2025-06-07,12,"s_2025",5
2025-06-08,1,"s_2025",9
2025-06-08,2,"s_2025",11
2025-06-08,3,"s_2025",6
2025-06-08,4,"s_2025",14
2025-06-08,5,"s_2025",14
2025-06-08,6,"s_2025",22
2025-06-08,7,"s_2025",84
2025-06-08,8,"s_2025",71
2025-06-08,9,"s_2025",97
2025-06-08,10,"s_2025",286
2025-06-08,11,"s_2025",29
2025-06-09,1,"s_2025",19
2025-06-09,2,"s_2025",18
2025-06-09,3,"s_2025",12
2025-06-09,4,"s_2025",23
2025-06-09,5,"s_2025",44
2025-06-09,6,"s_2025",42
2025-06-09,7,"s_2025",149
2025-06-09,8,"s_2025",150
2025-06-09,9,"s_2025",204
2025-06-09,10,"s_2025",531
2025-06-09,11,"s_2025",65
2025-06-10,1,"s_2025",17
2025-06-10,2,"s_2025",20
2025-06-10,3,"s_2025",13
2025-06-10,4,"s_2025",16
2025-06-10,5,"s_2025",22
2025-06-10,6,"s_2025",33
2025-06-10,7,"s_2025",92
2025-06-10,8,"s_2025",91
2025-06-10,9,"s_2025",106
2025-06-10,10,"s_2025",309
2025-06-10,11,"s_2025",16
2025-06-11,1,"s_2025",11
2025-06-11,2,"s_2025",8
2025-06-11,3,"s_2025",13
2025-06-11,4,"s_2025",11
2025-06-11,5,"s_2025",22
2025-06-11,6,"s_2025",15
2025-06-11,7,"s_2025",79
2025-06-11,8,"s_2025",77
2025-06-11,9,"s_2025",98
2025-06-11,10,"s_2025",271
2025-06-11,11,"s_2025",15
2025-06-12,1,"s_2025",39
2025-06-12,2,"s_2025",19
2025-06-12,3,"s_2025",20
2025-06-12,4,"s_2025",18
2025-06-12,5,"s_2025",22
2025-06-12,6,"s_2025",42
2025-06-12,7,"s_2025",122
2025-06-12,8,"s_2025",124
2025-06-12,9,"s_2025",146
2025-06-12,10,"s_2025",341
2025-06-12,11,"s_2025",23
2025-06-13,1,"s_2025",16
2025-06-13,2,"s_2025",10
2025-06-13,3,"s_2025",9
2025-06-13,4,"s_2025",8
2025-06-13,5,"s_2025",27
2025-06-13,6,"s_2025",24
2025-06-13,7,"s_2025",79
2025-06-13,8,"s_2025",93
2025-06-13,9,"s_2025",113
2025-06-13,10,"s_2025",234
2025-06-13,11,"s_2025",24
2025-06-14,1,"s_2025",12
2025-06-14,2,"s_2025",10
2025-06-14,3,"s_2025",25
2025-06-14,4,"s_2025",15
2025-06-14,5,"s_2025",10
2025-06-14,6,"s_2025",22
2025-06-14,7,"s_2025",98
2025-06-14,8,"s_2025",77
2025-06-14,9,"s_2025",104
2025-06-14,10,"s_2025",214
2025-06-14,11,"s_2025",23
2025-06-15,1,"s_2025",10
2025-06-15,2,"s_2025",5
2025-06-15,3,"s_2025",7
2025-06-15,4,"s_2025",7
2025-06-15,5,"s_2025",5
2025-06-15,6,"s_2025",9
2025-06-15,7,"s_2025",51
2025-06-15,8,"s_2025",64
2025-06-15,9,"s_2025",56
2025-06-15,10,"s_2025",146
2025-06-15,11,"s_2025",13
2025-06-16,1,"s_2025",10
2025-06-16,2,"s_2025",5
2025-06-16,3,"s_2025",7
2025-06-16,4,"s_2025",14
2025-06-16,5,"s_2025",13
2025-06-16,6,"s_2025",19
2025-06-16,7,"s_2025",67
2025-06-16,8,"s_2025",67
2025-06-16,9,"s_2025",77
2025-06-16,10,"s_2025",198
2025-06-16,11,"s_2025",15
2025-06-17,1,"s_2025",12
2025-06-17,2,"s_2025",12
2025-06-17,3,"s_2025",7
2025-06-17,4,"s_2025",14
2025-06-17,5,"s_2025",18
2025-06-17,6,"s_2025",18
2025-06-17,7,"s_2025",52
2025-06-17,8,"s_2025",53
2025-06-17,9,"s_2025",79
2025-06-17,10,"s_2025",130
2025-06-17,11,"s_2025",17
2025-06-18,1,"None",16
2025-06-18,2,"None",12
2025-06-18,3,"None",5
2025-06-18,4,"None",8
2025-06-18,5,"None",13
2025-06-18,6,"None",28
2025-06-18,7,"None",77
2025-06-18,8,"None",63
2025-06-18,9,"None",84
2025-06-18,10,"None",202
2025-06-18,11,"None",7
2025-06-19,1,"None",12
2025-06-19,2,"None",41
2025-06-19,3,"None",5
2025-06-19,4,"None",14
2025-06-19,5,"None",11
2025-06-19,6,"None",21
2025-06-19,7,"None",43
2025-06-19,8,"None",50
2025-06-19,9,"None",59
2025-06-19,10,"None",187
2025-06-19,11,"None",19
2025-06-20,1,"None",13
2025-06-20,2,"None",6
2025-06-20,3,"None",5
2025-06-20,4,"None",9
2025-06-20,5,"None",10
2025-06-20,6,"None",12
2025-06-20,7,"None",57
2025-06-20,8,"None",62
2025-06-20,9,"None",77
2025-06-20,10,"None",131
2025-06-20,11,"None",10
2025-06-21,1,"None",6
2025-06-21,2,"None",8
2025-06-21,3,"None",7
2025-06-21,4,"None",9
2025-06-21,5,"None",5
2025-06-21,6,"None",13
2025-06-21,7,"None",61
2025-06-21,8,"None",52
2025-06-21,9,"None",62
2025-06-21,10,"None",148
2025-06-21,11,"None",11
2025-06-22,1,"None",5
2025-06-22,3,"None",5
2025-06-22,5,"None",5
2025-06-22,6,"None",5
2025-06-22,7,"None",6
2025-06-22,8,"None",6
2025-06-22,9,"None",12
2025-06-22,10,"None",38
2025-06-22,11,"None",5
2025-06-23,1,"None",8
2025-06-23,2,"None",10
2025-06-23,3,"None",5
2025-06-23,4,"None",13
2025-06-23,5,"None",10
2025-06-23,6,"None",13
2025-06-23,7,"None",38
2025-06-23,8,"None",29
2025-06-23,9,"None",47
2025-06-23,10,"None",115
2025-06-23,11,"None",5
2025-06-24,1,"None",20
2025-06-24,2,"None",13
2025-06-24,3,"None",26
2025-06-24,4,"None",11
2025-06-24,5,"None",11
2025-06-24,6,"None",18
2025-06-24,7,"None",51
2025-06-24,8,"None",73
2025-06-24,9,"None",81
2025-06-24,10,"None",185
2025-06-24,11,"None",8
2025-06-25,1,"None",25
2025-06-25,2,"None",20
2025-06-25,3,"None",62
2025-06-25,4,"None",8
2025-06-25,5,"None",9
2025-06-25,6,"None",13
2025-06-25,7,"None",66
2025-06-25,8,"None",45
2025-06-25,9,"None",55
2025-06-25,10,"None",152
2025-06-25,11,"None",12
2025-06-26,1,"None",20
2025-06-26,2,"None",9
2025-06-26,3,"None",7
2025-06-26,4,"None",11
2025-06-26,5,"None",14
2025-06-26,6,"None",22
2025-06-26,7,"None",51
2025-06-26,8,"None",49
2025-06-26,9,"None",77
2025-06-26,10,"None",173
2025-06-26,11,"None",6
2025-06-27,1,"None",17
2025-06-27,2,"None",5
2025-06-27,3,"None",16
2025-06-27,4,"None",5
2025-06-27,5,"None",8
2025-06-27,6,"None",15
2025-06-27,7,"None",35
2025-06-27,8,"None",23
2025-06-27,9,"None",41
2025-06-27,10,"None",93
2025-06-27,11,"None",5
2025-06-28,2,"None",5
2025-06-28,3,"None",8
2025-06-28,4,"None",8
2025-06-28,5,"None",7
2025-06-28,6,"None",5
2025-06-28,7,"None",18
2025-06-28,8,"None",25
2025-06-28,9,"None",27
2025-06-28,10,"None",66
2025-06-28,11,"None",5
2025-06-29,1,"None",5
2025-06-29,4,"None",5
2025-06-29,5,"None",5
2025-06-29,6,"None",5
2025-06-29,7,"None",7
2025-06-29,8,"None",6
2025-06-29,9,"None",16
2025-06-29,10,"None",23
2025-06-29,11,"None",5
2025-06-30,1,"None",15
2025-06-30,2,"None",6
2025-06-30,3,"None",8
2025-06-30,4,"None",9
2025-06-30,5,"None",7
2025-06-30,6,"None",14
2025-06-30,7,"None",24
2025-06-30,8,"None",27
2025-06-30,9,"None",36
2025-06-30,10,"None",82
2025-06-30,11,"None",7
2025-07-01,3,"None",5
2025-07-01,4,"None",5
2025-07-01,5,"None",5
2025-07-01,6,"None",5
2025-07-01,7,"None",5
2025-07-01,8,"None",5
2025-07-01,9,"None",5
2025-07-01,10,"None",7
2025-07-02,1,"None",5
2025-07-02,5,"None",5
2025-07-02,7,"None",5
2025-07-02,8,"None",5
2025-07-02,9,"None",5
2025-07-02,10,"None",5
2025-07-03,1,"None",5
2025-07-03,2,"None",5
2025-07-03,3,"None",5
2025-07-03,5,"None",5
2025-07-03,6,"None",5
2025-07-03,7,"None",5
2025-07-03,8,"None",5
2025-07-03,10,"None",6
2025-07-04,3,"None",5
2025-07-04,4,"None",5
2025-07-04,6,"None",5
2025-07-04,7,"None",5
2025-07-04,8,"None",8
2025-07-04,9,"None",5
2025-07-04,10,"None",5
2025-07-04,11,"None",5
2025-07-05,4,"None",5
2025-07-05,9,"None",5
2025-07-07,4,"None",5
2025-07-07,8,"None",5
2025-07-07,10,"None",5
2025-07-08,1,"None",5
2025-07-08,3,"None",5
2025-07-08,6,"None",5
2025-07-08,8,"None",5
2025-07-08,9,"None",5
2025-07-08,10,"None",5
2025-07-09,1,"None",5
2025-07-09,2,"None",5
2025-07-09,4,"None",5
2025-07-09,6,"None",5
2025-07-09,7,"None",5
2025-07-09,9,"None",5
2025-07-09,10,"None",6
2025-07-10,3,"None",5
2025-07-10,7,"None",5
2025-07-10,9,"None",5
2025-07-11,4,"None",5
2025-07-11,6,"None",5
2025-07-11,7,"None",5
2025-07-11,8,"None",5
2025-07-11,10,"None",5
2025-07-12,6,"None",5
2025-07-12,8,"None",5
2025-07-12,9,"None",5
2025-07-14,2,"None",5
2025-07-14,3,"None",5
2025-07-14,6,"None",5
2025-07-14,7,"None",5
2025-07-14,8,"None",5
2025-07-14,9,"None",5
2025-07-15,4,"None",5
2025-07-15,5,"None",5
2025-07-15,7,"None",5
2025-07-15,8,"None",5
2025-07-16,1,"None",5
2025-07-16,3,"None",5
2025-07-16,5,"None",5
2025-07-16,6,"None",5
2025-07-16,7,"None",5
2025-07-16,9,"None",5
2025-07-17,1,"None",5
2025-07-17,5,"None",5
2025-07-17,6,"None",5
2025-07-17,10,"None",5
2025-07-18,1,"None",5
2025-07-19,1,"None",5
2025-07-21,3,"None",5
2025-07-21,8,"None",5
2025-07-21,9,"None",5
2025-07-21,11,"None",5
2025-07-22,6,"None",5
2025-07-22,9,"None",5
2025-07-23,3,"None",5
2025-07-23,5,"None",5
2025-07-23,7,"None",5
2025-07-23,8,"None",5
2025-07-23,10,"None",5
2025-07-24,4,"None",5
2025-07-24,7,"None",5
2025-07-24,9,"None",5
2025-07-24,10,"None",5
2025-07-24,11,"None",5
2025-07-25,1,"None",5
2025-07-26,5,"None",5
2025-07-26,6,"None",5
2025-07-26,7,"None",5
2025-07-28,5,"None",5
2025-07-28,7,"None",5
2025-07-29,1,"None",5
2025-07-29,3,"None",5
2025-07-29,4,"None",5
2025-07-29,5,"None",5
2025-07-29,7,"None",5
2025-07-29,8,"None",5
2025-07-30,4,"None",5
2025-07-30,6,"None",5
2025-08-02,1,"None",5
2025-08-02,5,"None",5
2025-08-02,6,"None",5
2025-08-02,8,"None",5
2025-08-03,5,"None",5
2025-08-03,7,"None",5
2025-08-04,5,"None",5
2025-08-06,7,"None",5
2025-08-06,9,"None",5
2025-08-07,2,"None",5
2025-08-09,1,"None",5
2025-08-09,2,"None",5
2025-08-09,3,"None",5
2025-08-09,5,"None",5
2025-08-10,2,"None",5
2025-08-11,1,"None",5
2025-08-11,3,"None",5
2025-08-13,1,"None",5
2025-08-13,3,"None",5
2025-08-13,6,"None",5
2025-08-13,7,"None",5
2025-08-13,10,"None",5
2025-08-14,1,"None",5
2025-08-14,4,"None",5
2025-08-16,7,"None",5
2025-08-17,9,"None",5
2025-08-18,4,"None",5
2025-08-20,5,"None",5
2025-08-22,1,"None",5
2025-08-22,2,"None",5
2025-08-24,2,"None",5
2025-08-25,1,"None",5
2025-08-26,5,"None",5
2025-08-26,7,"None",5
2025-08-26,9,"None",5
2025-08-27,9,"None",5
2025-08-28,1,"None",5
2025-08-28,5,"None",5
2025-08-28,7,"None",5
2025-08-28,8,"None",5
2025-08-29,1,"None",5
2025-08-29,4,"None",5
2025-09-01,2,"a_2025",5
2025-09-01,6,"a_2025",5
2025-09-01,7,"a_2025",5
2025-09-03,2,"a_2025",5
2025-09-03,7,"a_2025",5
2025-09-04,7,"a_2025",5
2025-09-04,9,"a_2025",5
2025-09-05,1,"a_2025",5
2025-09-05,4,"a_2025",5
2025-09-05,7,"a_2025",5
2025-09-06,4,"a_2025",5
2025-09-06,5,"a_2025",5
2025-09-06,7,"a_2025",5
2025-09-08,4,"a_2025",5
2025-09-08,5,"a_2025",5
2025-09-08,7,"a_2025",5
2025-09-09,1,"a_2025",5
2025-09-09,6,"a_2025",5
2025-09-12,4,"a_2025",5
2025-09-12,7,"a_2025",5
2025-09-13,1,"a_2025",5
2025-09-13,6,"a_2025",5
2025-09-15,7,"a_2025",5
2025-09-15,11,"a_2025",5
2025-09-16,1,"a_2025",5
2025-09-16,5,"a_2025",5
2025-09-16,6,"a_2025",5
2025-09-16,7,"a_2025",5
2025-09-16,8,"a_2025",5
2025-09-18,2,"a_2025",5
2025-09-18,4,"a_2025",5
2025-09-18,5,"a_2025",5
2025-09-18,7,"a_2025",5
2025-09-18,9,"a_2025",5
2025-09-18,11,"a_2025",5
2025-09-19,7,"a_2025",5
2025-09-20,1,"a_2025",5
2025-09-20,3,"a_2025",5
2025-09-20,11,"a_2025",5
2025-09-21,5,"a_2025",5
2025-09-22,1,"a_2025",5
2025-09-22,3,"a_2025",5
2025-09-22,4,"a_2025",5
2025-09-22,5,"a_2025",5
2025-09-22,6,"a_2025",5
2025-09-22,7,"a_2025",5
2025-09-22,8,"a_2025",5
2025-09-22,10,"a_2025",5
2025-09-23,4,"a_2025",5
2025-09-23,5,"a_2025",5
2025-09-23,6,"a_2025",5
2025-09-23,7,"a_2025",5
2025-09-23,10,"a_2025",5
2025-09-24,1,"a_2025",5
2025-09-24,2,"a_2025",5
2025-09-24,4,"a_2025",5
2025-09-24,5,"a_2025",5
2025-09-24,7,"a_2025",5
2025-09-24,8,"a_2025",5
2025-09-25,1,"a_2025",5
2025-09-25,2,"a_2025",5
2025-09-25,3,"a_2025",5
2025-09-25,4,"a_2025",6
2025-09-25,5,"a_2025",5
2025-09-25,7,"a_2025",5
2025-09-25,8,"a_2025",5
2025-09-25,9,"a_2025",5
2025-09-25,10,"a_2025",5
2025-09-25,11,"a_2025",9
2025-09-26,1,"a_2025",5
2025-09-26,2,"a_2025",5
2025-09-26,3,"a_2025",5
2025-09-26,4,"a_2025",7
2025-09-26,5,"a_2025",5
2025-09-26,6,"a_2025",7
2025-09-26,7,"a_2025",6
2025-09-26,8,"a_2025",6
2025-09-26,9,"a_2025",5
2025-09-26,10,"a_2025",8
2025-09-26,11,"a_2025",10
2025-09-27,1,"a_2025",5
2025-09-27,6,"a_2025",5
2025-09-27,7,"a_2025",5
2025-09-27,8,"a_2025",5
2025-09-28,4,"a_2025",5
2025-09-28,10,"a_2025",5
2025-09-28,12,"a_2025",5
2025-09-29,1,"a_2025",15
2025-09-29,2,"a_2025",23
2025-09-29,3,"a_2025",10
2025-09-29,4,"a_2025",13
2025-09-29,5,"a_2025",6
2025-09-29,6,"a_2025",14
2025-09-29,7,"a_2025",22
2025-09-29,8,"a_2025",21
2025-09-29,9,"a_2025",19
2025-09-29,10,"a_2025",25
2025-09-29,11,"a_2025",48
2025-09-29,12,"a_2025",5
2025-09-30,1,"a_2025",22
2025-09-30,2,"a_2025",34
2025-09-30,3,"a_2025",23
2025-09-30,4,"a_2025",24
2025-09-30,5,"a_2025",15
2025-09-30,6,"a_2025",21
2025-09-30,7,"a_2025",65
2025-09-30,8,"a_2025",59
2025-09-30,9,"a_2025",75
2025-09-30,10,"a_2025",88
2025-09-30,11,"a_2025",216
2025-09-30,12,"a_2025",8
2025-10-01,1,"a_2025",52
2025-10-01,2,"a_2025",62
2025-10-01,3,"a_2025",48
2025-10-01,4,"a_2025",31
2025-10-01,5,"a_2025",32
2025-10-01,6,"a_2025",45
2025-10-01,7,"a_2025",112
2025-10-01,8,"a_2025",144
2025-10-01,9,"a_2025",146
2025-10-01,10,"a_2025",218
2025-10-01,11,"a_2025",545
2025-10-01,12,"a_2025",24
2025-10-02,1,"a_2025",49
2025-10-02,2,"a_2025",55
2025-10-02,3,"a_2025",62
2025-10-02,4,"a_2025",41
2025-10-02,5,"a_2025",49
2025-10-02,6,"a_2025",58
2025-10-02,7,"a_2025",146
2025-10-02,8,"a_2025",131
2025-10-02,9,"a_2025",143
2025-10-02,10,"a_2025",264
2025-10-02,11,"a_2025",549
2025-10-02,12,"a_2025",18
2025-10-03,1,"a_2025",44
2025-10-03,2,"a_2025",47
2025-10-03,3,"a_2025",41
2025-10-03,4,"a_2025",47
2025-10-03,5,"a_2025",34
2025-10-03,6,"a_2025",54
2025-10-03,7,"a_2025",134
2025-10-03,8,"a_2025",111
2025-10-03,9,"a_2025",123
2025-10-03,10,"a_2025",208
2025-10-03,11,"a_2025",488
2025-10-03,12,"a_2025",21
2025-10-04,1,"a_2025",42
2025-10-04,2,"a_2025",48
2025-10-04,3,"a_2025",43
2025-10-04,4,"a_2025",40
2025-10-04,5,"a_2025",42
2025-10-04,6,"a_2025",89
2025-10-04,7,"a_2025",284
2025-10-04,8,"a_2025",355
2025-10-04,9,"a_2025",428
2025-10-04,10,"a_2025",920
2025-10-04,11,"a_2025",1715
2025-10-04,12,"a_2025",101
2025-10-04,13,"a_2025",5
2025-10-05,1,"a_2025",20
2025-10-05,2,"a_2025",22
2025-10-05,3,"a_2025",16
2025-10-05,4,"a_2025",26
2025-10-05,5,"a_2025",25
2025-10-05,6,"a_2025",38
2025-10-05,7,"a_2025",273
2025-10-05,8,"a_2025",125
2025-10-05,9,"a_2025",180
2025-10-05,10,"a_2025",235
2025-10-05,11,"a_2025",567
2025-10-05,12,"a_2025",19
2025-10-06,1,"a_2025",49
2025-10-06,2,"a_2025",47
2025-10-06,3,"a_2025",71
2025-10-06,4,"a_2025",26
2025-10-06,5,"a_2025",33
2025-10-06,6,"a_2025",41
2025-10-06,7,"a_2025",131
2025-10-06,8,"a_2025",162
2025-10-06,9,"a_2025",179
2025-10-06,10,"a_2025",291
2025-10-06,11,"a_2025",724
2025-10-06,12,"a_2025",20
2025-10-07,1,"a_2025",80
2025-10-07,2,"a_2025",65
2025-10-07,3,"a_2025",73
2025-10-07,4,"a_2025",54
2025-10-07,5,"a_2025",60
2025-10-07,6,"a_2025",53
2025-10-07,7,"a_2025",159
2025-10-07,8,"a_2025",161
2025-10-07,9,"a_2025",200
2025-10-07,10,"a_2025",324
2025-10-07,11,"a_2025",722
2025-10-07,12,"a_2025",38
2025-10-07,13,"a_2025",5
2025-10-08,1,"a_2025",74
2025-10-08,2,"a_2025",64
2025-10-08,3,"a_2025",69
2025-10-08,4,"a_2025",73
2025-10-08,5,"a_2025",73
2025-10-08,6,"a_2025",86
2025-10-08,7,"a_2025",266
2025-10-08,8,"a_2025",278
2025-10-08,9,"a_2025",338
2025-10-08,10,"a_2025",481
2025-10-08,11,"a_2025",1153
2025-10-08,12,"a_2025",29
2025-10-09,1,"a_2025",51
2025-10-09,2,"a_2025",57
2025-10-09,3,"a_2025",44
2025-10-09,4,"a_2025",43
2025-10-09,5,"a_2025",46
2025-10-09,6,"a_2025",65
2025-10-09,7,"a_2025",128
2025-10-09,8,"a_2025",133
2025-10-09,9,"a_2025",172
2025-10-09,10,"a_2025",273
2025-10-09,11,"a_2025",643
2025-10-09,12,"a_2025",14
2025-10-10,1,"a_2025",44
2025-10-10,2,"a_2025",41
2025-10-10,3,"a_2025",41
2025-10-10,4,"a_2025",35
2025-10-10,5,"a_2025",41
2025-10-10,6,"a_2025",70
2025-10-10,7,"a_2025",176
2025-10-10,8,"a_2025",185
2025-10-10,9,"a_2025",196
2025-10-10,10,"a_2025",304
2025-10-10,11,"a_2025",570
2025-10-10,12,"a_2025",20
2025-10-11,1,"a_2025",43
2025-10-11,2,"a_2025",29
2025-10-11,3,"a_2025",33
2025-10-11,4,"a_2025",41
2025-10-11,5,"a_2025",32
2025-10-11,6,"a_2025",69
2025-10-11,7,"a_2025",267
2025-10-11,8,"a_2025",359
2025-10-11,9,"a_2025",451
2025-10-11,10,"a_2025",692
2025-10-11,11,"a_2025",1416
2025-10-11,12,"a_2025",78
2025-10-12,1,"a_2025",49
2025-10-12,2,"a_2025",26
2025-10-12,3,"a_2025",43
2025-10-12,4,"a_2025",23
2025-10-12,5,"a_2025",37
2025-10-12,6,"a_2025",29
2025-10-12,7,"a_2025",154
2025-10-12,8,"a_2025",166
2025-10-12,9,"a_2025",171
2025-10-12,10,"a_2025",236
2025-10-12,11,"a_2025",639
2025-10-12,12,"a_2025",35
2025-10-12,13,"a_2025",5
2025-10-13,1,"a_2025",73
2025-10-13,2,"a_2025",83
2025-10-13,3,"a_2025",71
2025-10-13,4,"a_2025",105
2025-10-13,5,"a_2025",34
2025-10-13,6,"a_2025",64
2025-10-13,7,"a_2025",157
2025-10-13,8,"a_2025",166
2025-10-13,9,"a_2025",176
2025-10-13,10,"a_2025",331
2025-10-13,11,"a_2025",677
2025-10-13,12,"a_2025",43
2025-10-14,1,"a_2025",56
2025-10-14,2,"a_2025",71
2025-10-14,3,"a_2025",60
2025-10-14,4,"a_2025",52
2025-10-14,5,"a_2025",63
2025-10-14,6,"a_2025",85
2025-10-14,7,"a_2025",165
2025-10-14,8,"a_2025",184
2025-10-14,9,"a_2025",224
2025-10-14,10,"a_2025",329
2025-10-14,11,"a_2025",687
2025-10-14,12,"a_2025",23
2025-10-15,1,"a_2025",87
2025-10-15,2,"a_2025",96
2025-10-15,3,"a_2025",78
2025-10-15,4,"a_2025",57
2025-10-15,5,"a_2025",58
2025-10-15,6,"a_2025",61
2025-10-15,7,"a_2025",174
2025-10-15,8,"a_2025",189
2025-10-15,9,"a_2025",232
2025-10-15,10,"a_2025",322
2025-10-15,11,"a_2025",841
2025-10-15,12,"a_2025",30
2025-10-16,1,"a_2025",81
2025-10-16,2,"a_2025",46
2025-10-16,3,"a_2025",50
2025-10-16,4,"a_2025",41
2025-10-16,5,"a_2025",52
2025-10-16,6,"a_2025",57
2025-10-16,7,"a_2025",161
2025-10-16,8,"a_2025",154
2025-10-16,9,"a_2025",202
2025-10-16,10,"a_2025",312
2025-10-16,11,"a_2025",783
2025-10-16,12,"a_2025",36
2025-10-17,1,"a_2025",55
2025-10-17,2,"a_2025",55
2025-10-17,3,"a_2025",64
2025-10-17,4,"a_2025",46
2025-10-17,5,"a_2025",46
2025-10-17,6,"a_2025",88
2025-10-17,7,"a_2025",194
2025-10-17,8,"a_2025",205
2025-10-17,9,"a_2025",206
2025-10-17,10,"a_2025",331
2025-10-17,11,"a_2025",792
2025-10-17,12,"a_2025",40
2025-10-18,1,"a_2025",24
2025-10-18,2,"a_2025",21
2025-10-18,3,"a_2025",30
2025-10-18,4,"a_2025",42
2025-10-18,5,"a_2025",49
2025-10-18,6,"a_2025",42
2025-10-18,7,"a_2025",197
2025-10-18,8,"a_2025",237
2025-10-18,9,"a_2025",248
2025-10-18,10,"a_2025",383
2025-10-18,11,"a_2025",844
2025-10-18,12,"a_2025",57
2025-10-18,13,"a_2025",5
2025-10-19,1,"a_2025",13
2025-10-19,2,"a_2025",11
2025-10-19,3,"a_2025",13
2025-10-19,4,"a_2025",22
2025-10-19,5,"a_2025",28
2025-10-19,6,"a_2025",24
2025-10-19,7,"a_2025",102
2025-10-19,8,"a_2025",102
2025-10-19,9,"a_2025",109
2025-10-19,10,"a_2025",145
2025-10-19,11,"a_2025",364
2025-10-19,12,"a_2025",20
2025-10-20,1,"a_2025",55
2025-10-20,2,"a_2025",42
2025-10-20,3,"a_2025",41
2025-10-20,4,"a_2025",43
2025-10-20,5,"a_2025",47
2025-10-20,6,"a_2025",59
2025-10-20,7,"a_2025",176
2025-10-20,8,"a_2025",192
2025-10-20,9,"a_2025",231
2025-10-20,10,"a_2025",362
2025-10-20,11,"a_2025",939
2025-10-20,12,"a_2025",25
2025-10-21,1,"a_2025",66
2025-10-21,2,"a_2025",79
2025-10-21,3,"a_2025",60
2025-10-21,4,"a_2025",54
2025-10-21,5,"a_2025",56
2025-10-21,6,"a_2025",69
2025-10-21,7,"a_2025",205
2025-10-21,8,"a_2025",259
2025-10-21,9,"a_2025",294
2025-10-21,10,"a_2025",495
2025-10-21,11,"a_2025",1252
2025-10-21,12,"a_2025",32
2025-10-22,1,"a_2025",85
2025-10-22,2,"a_2025",52
2025-10-22,3,"a_2025",43
2025-10-22,4,"a_2025",52
2025-10-22,5,"a_2025",72
2025-10-22,6,"a_2025",89
2025-10-22,7,"a_2025",296
2025-10-22,8,"a_2025",317
2025-10-22,9,"a_2025",354
2025-10-22,10,"a_2025",568
2025-10-22,11,"a_2025",1384
2025-10-22,12,"a_2025",24
2025-10-23,1,"a_2025",41
2025-10-23,2,"a_2025",45
2025-10-23,3,"a_2025",42
2025-10-23,4,"a_2025",49
2025-10-23,5,"a_2025",38
2025-10-23,6,"a_2025",54
2025-10-23,7,"a_2025",192
2025-10-23,8,"a_2025",243
2025-10-23,9,"a_2025",237
2025-10-23,10,"a_2025",373
2025-10-23,11,"a_2025",1018
2025-10-23,12,"a_2025",27
2025-10-24,1,"a_2025",55
2025-10-24,2,"a_2025",48
2025-10-24,3,"a_2025",31
2025-10-24,4,"a_2025",38
2025-10-24,5,"a_2025",35
2025-10-24,6,"a_2025",50
2025-10-24,7,"a_2025",166
2025-10-24,8,"a_2025",161
2025-10-24,9,"a_2025",200
2025-10-24,10,"a_2025",307
2025-10-24,11,"a_2025",741
2025-10-24,12,"a_2025",24
2025-10-25,1,"a_2025",34
2025-10-25,2,"a_2025",36
2025-10-25,3,"a_2025",33
2025-10-25,4,"a_2025",30
2025-10-25,5,"a_2025",51
2025-10-25,6,"a_2025",67
2025-10-25,7,"a_2025",216
2025-10-25,8,"a_2025",178
2025-10-25,9,"a_2025",245
2025-10-25,10,"a_2025",377
2025-10-25,11,"a_2025",900
2025-10-25,12,"a_2025",37
2025-10-26,1,"a_2025",13
2025-10-26,2,"a_2025",11
2025-10-26,3,"a_2025",10
2025-10-26,4,"a_2025",19
2025-10-26,5,"a_2025",13
2025-10-26,6,"a_2025",24
2025-10-26,7,"a_2025",70
2025-10-26,8,"a_2025",81
2025-10-26,9,"a_2025",89
2025-10-26,10,"a_2025",93
2025-10-26,11,"a_2025",331
2025-10-26,12,"a_2025",11
2025-10-27,1,"a_2025",32
2025-10-27,2,"a_2025",36
2025-10-27,3,"a_2025",25
2025-10-27,4,"a_2025",25
2025-10-27,5,"a_2025",43
2025-10-27,6,"a_2025",58
2025-10-27,7,"a_2025",148
2025-10-27,8,"a_2025",174
2025-10-27,9,"a_2025",214
2025-10-27,10,"a_2025",352
2025-10-27,11,"a_2025",906
2025-10-27,12,"a_2025",21
2025-10-28,1,"a_2025",41
2025-10-28,2,"a_2025",54
2025-10-28,3,"a_2025",69
2025-10-28,4,"a_2025",128
2025-10-28,5,"a_2025",49
2025-10-28,6,"a_2025",67
2025-10-28,7,"a_2025",227
2025-10-28,8,"a_2025",247
2025-10-28,9,"a_2025",309
2025-10-28,10,"a_2025",462
2025-10-28,11,"a_2025",1232
2025-10-28,12,"a_2025",20
2025-10-29,1,"a_2025",45
2025-10-29,2,"a_2025",71
2025-10-29,3,"a_2025",48
2025-10-29,4,"a_2025",38
2025-10-29,5,"a_2025",56
2025-10-29,6,"a_2025",53
2025-10-29,7,"a_2025",199
2025-10-29,8,"a_2025",223
2025-10-29,9,"a_2025",249
2025-10-29,10,"a_2025",413
2025-10-29,11,"a_2025",1074
2025-10-29,12,"a_2025",26
2025-10-30,1,"a_2025",62
2025-10-30,2,"a_2025",36
2025-10-30,3,"a_2025",18
2025-10-30,4,"a_2025",41
2025-10-30,5,"a_2025",43
2025-10-30,6,"a_2025",52
2025-10-30,7,"a_2025",191
2025-10-30,8,"a_2025",210
2025-10-30,9,"a_2025",229
2025-10-30,10,"a_2025",328
2025-10-30,11,"a_2025",910
2025-10-30,12,"a_2025",11
2025-10-31,1,"a_2025",35
2025-10-31,2,"a_2025",35
2025-10-31,3,"a_2025",35
2025-10-31,4,"a_2025",41
2025-10-31,5,"a_2025",30
2025-10-31,6,"a_2025",51
2025-10-31,7,"a_2025",184
2025-10-31,8,"a_2025",200
2025-10-31,9,"a_2025",235
2025-10-31,10,"a_2025",315
2025-10-31,11,"a_2025",924
2025-10-31,12,"a_2025",27
2025-11-01,1,"a_2025",31
2025-11-01,2,"a_2025",18
2025-11-01,3,"a_2025",29
2025-11-01,4,"a_2025",39
2025-11-01,5,"a_2025",49
2025-11-01,6,"a_2025",35
2025-11-01,7,"a_2025",168
2025-11-01,8,"a_2025",181
2025-11-01,9,"a_2025",200
2025-11-01,10,"a_2025",333
2025-11-01,11,"a_2025",864
2025-11-01,12,"a_2025",24
2025-11-02,1,"a_2025",5
2025-11-02,2,"a_2025",14
2025-11-02,3,"a_2025",7
2025-11-02,4,"a_2025",10
2025-11-02,5,"a_2025",19
2025-11-02,6,"a_2025",15
2025-11-02,7,"a_2025",65
2025-11-02,8,"a_2025",78
2025-11-02,9,"a_2025",79
2025-11-02,10,"a_2025",117
2025-11-02,11,"a_2025",372
2025-11-02,12,"a_2025",18
2025-11-03,1,"a_2025",28
2025-11-03,2,"a_2025",18
2025-11-03,3,"a_2025",25
2025-11-03,4,"a_2025",42
2025-11-03,5,"a_2025",19
2025-11-03,6,"a_2025",50
2025-11-03,7,"a_2025",188
2025-11-03,8,"a_2025",213
2025-11-03,9,"a_2025",267
2025-11-03,10,"a_2025",401
2025-11-03,11,"a_2025",1140
2025-11-03,12,"a_2025",33
2025-11-04,1,"a_2025",39
2025-11-04,2,"a_2025",40
2025-11-04,3,"a_2025",31
2025-11-04,4,"a_2025",31
2025-11-04,5,"a_2025",39
2025-11-04,6,"a_2025",50
2025-11-04,7,"a_2025",229
2025-11-04,8,"a_2025",226
2025-11-04,9,"a_2025",319
2025-11-04,10,"a_2025",458
2025-11-04,11,"a_2025",1173
2025-11-04,12,"a_2025",26
2025-11-05,1,"a_2025",52
2025-11-05,2,"a_2025",25
2025-11-05,3,"a_2025",22
2025-11-05,4,"a_2025",38
2025-11-05,5,"a_2025",44
2025-11-05,6,"a_2025",66
2025-11-05,7,"a_2025",266
2025-11-05,8,"a_2025",276
2025-11-05,9,"a_2025",312
2025-11-05,10,"a_2025",492
2025-11-05,11,"a_2025",1420
2025-11-05,12,"a_2025",30
2025-11-06,1,"a_2025",34
2025-11-06,2,"a_2025",29
2025-11-06,3,"a_2025",23
2025-11-06,4,"a_2025",38
2025-11-06,5,"a_2025",46
2025-11-06,6,"a_2025",46
2025-11-06,7,"a_2025",185
2025-11-06,8,"a_2025",212
2025-11-06,9,"a_2025",249
2025-11-06,10,"a_2025",341
2025-11-06,11,"a_2025",847
2025-11-06,12,"a_2025",19
2025-11-07,1,"a_2025",27
2025-11-07,2,"a_2025",24
2025-11-07,3,"a_2025",28
2025-11-07,4,"a_2025",25
2025-11-07,5,"a_2025",35
2025-11-07,6,"a_2025",53
2025-11-07,7,"a_2025",175
2025-11-07,8,"a_2025",223
2025-11-07,9,"a_2025",275
2025-11-07,10,"a_2025",379
2025-11-07,11,"a_2025",1097
2025-11-07,12,"a_2025",24
2025-11-08,1,"a_2025",18
2025-11-08,2,"a_2025",11
2025-11-08,3,"a_2025",14
2025-11-08,4,"a_2025",20
2025-11-08,5,"a_2025",34
2025-11-08,6,"a_2025",37
2025-11-08,7,"a_2025",108
2025-11-08,8,"a_2025",112
2025-11-08,9,"a_2025",151
2025-11-08,10,"a_2025",215
2025-11-08,11,"a_2025",612
2025-11-08,12,"a_2025",25
2025-11-09,1,"a_2025",10
2025-11-09,2,"a_2025",5
2025-11-09,3,"a_2025",5
2025-11-09,4,"a_2025",14
2025-11-09,5,"a_2025",12
2025-11-09,6,"a_2025",9
2025-11-09,7,"a_2025",50
2025-11-09,8,"a_2025",45
2025-11-09,9,"a_2025",74
2025-11-09,10,"a_2025",94
2025-11-09,11,"a_2025",282
2025-11-09,12,"a_2025",5
2025-11-10,1,"a_2025",17
2025-11-10,2,"a_2025",13
2025-11-10,3,"a_2025",19
2025-11-10,4,"a_2025",17
2025-11-10,5,"a_2025",22
2025-11-10,6,"a_2025",29
2025-11-10,7,"a_2025",147
2025-11-10,8,"a_2025",156
2025-11-10,9,"a_2025",168
2025-11-10,10,"a_2025",224
2025-11-10,11,"a_2025",684
2025-11-10,12,"a_2025",26
2025-11-11,1,"a_2025",12
2025-11-11,2,"a_2025",13
2025-11-11,3,"a_2025",14
2025-11-11,4,"a_2025",15
2025-11-11,5,"a_2025",17
2025-11-11,6,"a_2025",23
2025-11-11,7,"a_2025",96
2025-11-11,8,"a_2025",90
2025-11-11,9,"a_2025",107
2025-11-11,10,"a_2025",189
2025-11-11,11,"a_2025",438
2025-11-11,12,"a_2025",22
2025-11-12,1,"a_2025",5
2025-11-12,2,"a_2025",6
2025-11-12,3,"a_2025",7
2025-11-12,4,"a_2025",7
2025-11-12,5,"a_2025",7
2025-11-12,6,"a_2025",13
2025-11-12,7,"a_2025",54
2025-11-12,8,"a_2025",68
2025-11-12,9,"a_2025",78
2025-11-12,10,"a_2025",142
2025-11-12,11,"a_2025",314
2025-11-12,12,"a_2025",8
2025-11-13,6,"a_2025",5
2025-11-13,7,"a_2025",9
2025-11-13,9,"a_2025",5
2025-11-13,10,"a_2025",6
2025-11-13,11,"a_2025",6
2025-11-14,5,"a_2025",5
2025-11-14,8,"a_2025",5
2025-11-14,10,"a_2025",5
2025-11-14,11,"a_2025",8
2025-11-15,3,"a_2025",5
2025-11-15,7,"a_2025",5
2025-11-15,8,"a_2025",5
2025-11-15,9,"a_2025",5
2025-11-15,10,"a_2025",5
2025-11-15,11,"a_2025",5
2025-11-16,2,"a_2025",5
2025-11-16,5,"a_2025",5
2025-11-16,7,"a_2025",5
2025-11-16,8,"a_2025",5
2025-11-16,10,"a_2025",7
2025-11-16,11,"a_2025",8
